Day_of_Month	Industry	Channel	CPM	CPC	CTR	CPA	Cvr	ROAS	AOV	Mer
10	agriculture_and_food_production	Meta	13.3	0.32	4.66%	28.66	1.57%	5.1	$113.12	0.31
10	apparel_and_accessories	Amazon	2.98	0.73	0.43%	7.87	12.11%	3.5	$26.34	0.29
10	apparel_and_accessories	Microsoft Ads	77.15	4.92	1.57%	2,393.08	0.21%	0.09	$211.43	11.32
10	apparel_and_accessories	Meta	10.95	0.49	2.42%	34.85	1.41%	2.2	$76.11	0.45
10	apparel_and_accessories	Google Ads	11.5	0.82	1.45%	31.78	2.6%	2.54	$76.07	0.39
10	apparel_and_accessories	Outbrain	0.26	0.24	0.11%	106.25	0.23%	0.66	$70.25	1.51
10	apparel_and_accessories	Pinterest Ads	2.22	0.16	1.83%	30.62	0.43%	1.97	$62.03	0.51
10	apparel_and_accessories	Snapchat	6.45	0.9	0.84%	50.5	1.76%	2.05	$89.84	0.49
10	apparel_and_accessories	Taboola	2.56	0.35	0.72%	3.28	10.79%	2.26	$7.41	0.44
10	apparel_and_accessories	TikTok	2.35	0.34	0.74%	30.44	1.22%	2.02	$57.51	0.49
10	arts_and_culture	Meta	4.35	0.32	1.91%	31.3	1.33%	2.56	$60.55	0.39
10	arts_and_culture	Google Ads	12.6	1.22	1.2%	99.04	1.23%	2.27	$176.8	0.44
10	automotive	Amazon	4.16	0.88	0.68%	7	6.76%	3.85	$76.14	0.26
10	automotive	Meta	8.68	0.43	2.09%	34.12	1.13%	1.96	$96.07	0.51
10	automotive	Google Ads	12.6	0.75	1.86%	39.28	1.86%	2.66	$81.28	0.38
10	automotive	TikTok	4.92	1.19	0.41%	12.69	9.41%	1.09	$13.87	0.91
10	baby	Amazon	4.08	0.68	0.57%	13.37	4.07%	3.98	$65.18	0.25
10	baby	Meta	10.98	0.58	1.98%	29.44	1.86%	2.38	$67.09	0.42
10	baby	Google Ads	15.34	0.92	1.44%	27.85	2.85%	2.93	$84.1	0.34
10	baby	Snapchat	6.66	0.69	0.96%	38	1.82%	2.56	$97.15	0.39
10	books_and_music	Amazon	8.52	0.94	0.91%	15.31	6.13%	2.18	$33.38	0.46
10	books_and_music	Meta	11.47	0.45	2.81%	27.63	1.58%	1.83	$47.85	0.55
10	books_and_music	Google Ads	14.72	1.02	2%	24.31	3.71%	2.15	$67.29	0.47
10	books_and_music	TikTok	2.89	0.96	0.36%	22.66	2.17%	1.46	$36.49	0.68
10	business_supplies_and_equipment	Amazon	4.14	0.57	0.75%	10.43	9.05%	3.66	$32.58	0.27
10	business_supplies_and_equipment	Microsoft Ads	41.17	1.49	2.76%	62.3	2.4%	1.53	$95.03	0.66
10	business_supplies_and_equipment	Meta	12.02	0.53	1.81%	43.53	1.55%	1.74	$74.8	0.57
10	business_supplies_and_equipment	Google Ads	18.74	1.11	1.76%	32.72	2.97%	2.52	$88.98	0.4
10	construction_and_engineering	Amazon	10.63	1.6	0.66%	66.72	2.4%	3.56	$237.5	0.28
10	construction_and_engineering	Meta	10.95	0.39	2.8%	77.87	1.58%	6.38	$243.28	0.16
10	construction_and_engineering	Google Ads	20.11	1.25	1.32%	93.46	1.67%	2.08	$203.96	0.49
10	consulting_and_professional_services	Meta	23.68	1.03	2.36%	36.06	0.52%	1.03	$99.14	0.97
10	consulting_and_professional_services	TikTok	6.41	1.04	0.61%	27.19	3.84%	0.94	$25.52	1.07
10	consumer_electronics	Amazon	5.68	1.39	0.48%	44.43	2.84%	4.02	$122.58	0.25
10	consumer_electronics	Axon	103.83	2.71	3.84%	121.8	2.22%	1.11	$134.73	0.9
10	consumer_electronics	Meta	13.64	0.51	2.35%	43.17	1.25%	2.13	$86.03	0.47
10	consumer_electronics	Google Ads	12.56	0.89	1.34%	39.83	2.13%	2.7	$109.11	0.37
10	consumer_electronics	Taboola	1.48	0.37	0.4%	50.09	0.74%	1.24	$62	0.81
10	consumer_electronics	TikTok	0.19	0	4.25%	1.39	0.33%	4.11	$5.7	0.24
10	dating_and_personal_services	Meta	10.32	0.41	1.82%	35.1	1.46%	1.28	$39.78	0.78
10	dating_and_personal_services	Google Ads	11.42	1.16	0.98%	37.15	3.12%	1.48	$55.14	0.67
10	dating_and_personal_services	TikTok	2.66	0.08	3.19%	23.63	0.35%	1.77	$41.88	0.56
10	elearning_and_online_courses	Meta	13.27	0.59	2.03%	45.01	1.04%	1.66	$71.62	0.6
10	elearning_and_online_courses	Google Ads	53.86	1.03	3.69%	29.96	3.31%	3.12	$101.89	0.32
10	elearning_and_online_courses	TikTok	1.39	0.28	0.49%	25.81	1.09%	1.05	$27	0.96
10	emerging_technology	Meta	16.3	0.78	2.11%	53.44	1.51%	1.39	$66.43	0.96
10	emerging_technology	Google Ads	2.66	0.12	2.25%	16.2	0.73%	9.38	$152.01	0.11
10	emerging_technology	TikTok	2.04	0.22	0.94%	49.03	0.44%	1.8	$88.07	0.56
10	energy_and_utilities	Meta	7.86	0.73	1.08%	58.75	1.24%	1.88	$110.31	0.53
10	energy_and_utilities	Google Ads	20.5	1.65	1.24%	82.72	2%	0.92	$75.91	1.09
10	entertainment	Meta	20.35	1.06	1.97%	67.96	1.35%	1.98	$68.09	0.5
10	entertainment	Google Ads	382.73	1.83	18.83%	34.81	5.54%	1.58	$55.53	0.63
10	entertainment	TikTok	2.85	0.34	0.84%	59.16	0.58%	0.89	$52.65	1.12
10	events_and_venues	Meta	17.32	0.65	2.68%	53.12	1.21%	1.39	$73.66	0.72
10	food_and_beverage	Amazon	12.22	2.14	0.56%	12.81	13.93%	2.41	$29.99	0.42
10	food_and_beverage	Axon	34.33	0.53	4.54%	51.9	1.13%	1.81	$69.47	0.55
10	food_and_beverage	Meta	14.28	0.65	2.21%	31.52	2.06%	1.91	$58.76	0.52
10	food_and_beverage	Google Ads	16.12	1.03	1.66%	24.95	3.75%	2.56	$58.22	0.39
10	food_and_beverage	Pinterest Ads	5.26	0.13	3.96%	34.75	0.38%	3.92	$136.34	0.25
10	food_and_beverage	Reddit	9.91	1.44	0.69%	155.24	0.93%	1	$156	1
10	food_and_beverage	Snapchat	9.28	3.33	0.28%	17.63	18.92%	3.56	$62.67	0.28
10	food_and_beverage	Taboola	3.88	0.14	2.87%	62.23	0.22%	1.98	$123.05	0.51
10	food_and_beverage	TikTok	1.97	0.28	0.59%	29	0.44%	2.61	$108.9	0.38
10	gaming_and_apps	Meta	12.67	0.31	2.96%	32.39	0.92%	2.8	$66.72	0.36
10	gaming_and_apps	Google Ads	105.92	1.26	8.51%	114.08	1.24%	1.77	$210.16	0.57
10	health_and_beauty	Adroll	16.42	9.18	0.18%	211.18	4.35%	0.56	$118.08	1.79
10	health_and_beauty	Amazon	9.93	1.73	0.53%	12.23	14.11%	2.29	$29.37	0.44
10	health_and_beauty	Axon	57.84	1.54	4.02%	92.69	2%	0.77	$72.15	1.31
10	health_and_beauty	Microsoft Ads	16.32	2.38	0.7%	123.16	2.19%	2.39	$218.58	0.69
10	health_and_beauty	Meta	16.61	0.64	2.62%	35.59	1.82%	1.72	$58.54	0.58
10	health_and_beauty	Google Ads	17.54	1.13	1.56%	28.55	3.97%	2.45	$66.82	0.41
10	health_and_beauty	Pinterest Ads	1.93	0.07	3.35%	20.99	0.37%	1.69	$33.84	0.59
10	health_and_beauty	Reddit	7.38	0.37	2%	60.96	0.6%	2.04	$124.15	0.49
10	health_and_beauty	Snapchat	4.72	0.69	1.54%	23.42	3.11%	3.01	$53.94	0.33
10	health_and_beauty	StackAdapt	36	0	0%	71.34	0%	0.44	$31.2	2.29
10	health_and_beauty	Taboola	1.82	0.57	0.48%	80.56	0.44%	0.93	$112.47	1.08
10	health_and_beauty	TikTok	3.1	0.43	0.58%	24.49	1.98%	2.73	$59.02	0.37
10	health_and_beauty	Vibe	18.15	0	0%	25.01	0%	3.17	$79.31	0.32
10	health_and_wellness	Amazon	18.76	2.58	0.79%	22.37	10.11%	1.67	$33.07	0.6
10	health_and_wellness	Microsoft Ads	223.91	1.7	13.2%	33.36	5.08%	4.19	$139.9	0.24
10	health_and_wellness	Meta	17.99	0.62	3.16%	36.48	1.67%	1.73	$64.33	0.58
10	health_and_wellness	Google Ads	18.06	1.07	1.49%	33.73	3.28%	2.46	$75.9	0.41
10	health_and_wellness	Mountain	45.2	0	0%	421.83	0%	0.28	$116.58	3.62
10	health_and_wellness	Reddit	8.08	1.79	0.45%	130.79	1.37%	3.59	$469.59	0.28
10	health_and_wellness	Snapchat	7.06	0.62	1.14%	88.74	0.69%	0.62	$55	1.61
10	health_and_wellness	TikTok	1.44	0.32	0.46%	9.75	4.13%	3.72	$37.33	0.27
10	health_and_wellness	Vibe	24.56	0	0%	131.55	0%	3.69	$485.11	0.27
10	healthcare_providers	Meta	4.16	0.23	1.78%	10.8	2.39%	4.16	$33.83	0.71
10	healthcare_providers	Google Ads	30.27	1.04	2.69%	23.1	3.04%	3.52	$80.67	0.28
10	healthcare_providers	TikTok	2.98	0.92	0.32%	20.75	4.44%	1.75	$36.36	0.57
10	home_and_garden	Amazon	7.45	1.03	0.67%	11.29	6.61%	3.83	$46.52	0.26
10	home_and_garden	Axon	65.91	2.05	3.22%	119.47	1.23%	0.86	$213.33	1.16
10	home_and_garden	Meta	12.65	0.53	2.4%	41.94	1.39%	2.2	$90.19	0.45
10	home_and_garden	Google Ads	13.57	0.99	1.5%	40.26	2.43%	2.81	$109.6	0.36
10	home_and_garden	Pinterest Ads	1.72	0.16	1.23%	74.24	0.28%	1.66	$94.34	0.6
10	home_and_garden	Taboola	1.77	0.33	0.53%	8.52	3.89%	1.89	$16.07	0.53
10	home_and_garden	TikTok	3.55	0.53	0.86%	34.16	1.83%	2.14	$27.61	0.47
10	insurance	Meta	6.49	0.28	2.34%	13.58	2.04%	3.83	$52.02	0.26
10	insurance	Google Ads	11.43	0.75	1.52%	16.14	4.66%	4.86	$78.48	0.21
10	internet_and_ecommerce	Meta	16.48	0.78	2.7%	44.63	1.39%	2.13	$85.14	0.48
10	internet_and_ecommerce	Google Ads	187.76	1.54	3.03%	28.42	5.41%	1.8	$75.71	0.56
10	lifestyle_and_boutique	Meta	12.41	0.52	2.42%	32.09	1.74%	2.39	$66.75	0.42
10	lifestyle_and_boutique	Google Ads	11.69	0.95	1.47%	28.63	3.73%	2.16	$71.28	0.46
10	lifestyle_and_boutique	Pinterest Ads	3.1	0.18	1.98%	23.69	0.6%	1.73	$31.04	0.58
10	lifestyle_and_boutique	Snapchat	24.75	2.67	0.93%	17.02	15.69%	3.54	$60.28	0.28
10	lifestyle_and_boutique	TikTok	1.97	0.34	0.47%	21.58	1.74%	2.46	$51.19	0.42
10	manufacturing	Amazon	4.24	0.55	0.77%	2.38	23.05%	11.28	$26.82	0.09
10	manufacturing	Meta	6.78	0.34	1.9%	20.55	1.65%	7.09	$128.29	0.14
10	manufacturing	Google Ads	18.59	1.08	1.88%	30.26	3.58%	6.43	$313.33	0.16
10	marketing_and_advertising	Meta	8.03	0.92	1.06%	100.04	1.16%	1.29	$135.46	0.78
10	marketing_and_advertising	Google Ads	10.31	0.57	1.85%	60.56	0.93%	6.36	$403.96	0.45
10	marketing_and_advertising	TikTok	1.29	0.42	0.31%	33.77	1.24%	0.94	$31.68	1.07
10	media_and_publishing	Meta	16.8	0.56	2.72%	34.62	1.97%	1.17	$38.32	0.85
10	media_and_publishing	Google Ads	27.64	1.51	3.28%	30.74	4.17%	2.17	$58.33	0.46
10	media_and_publishing	TikTok	3.23	0.17	1.85%	9.64	1.71%	2.59	$48.23	0.39
10	medical_devices_and_equipment	Meta	15.05	0.47	3.76%	28.46	0.87%	1.65	$64.5	0.61
10	medical_devices_and_equipment	Google Ads	15.49	1.24	1.51%	35.77	1.62%	2.75	$151.36	0.36
10	nonprofit_and_philanthropy	Meta	8.85	0.13	6.91%	124.07	1.02%	3.3	$15.77	10.29
10	other	Meta	18.1	0.56	3.08%	29.1	1.77%	2.23	$57.03	0.45
10	other	Google Ads	19.67	0.87	1.76%	41.69	1.84%	3.61	$82.51	0.29
10	other	TikTok	0.74	0.19	0.45%	12.94	1.47%	2.75	$31.22	0.36
10	pets_and_animals	Amazon	10.8	2.11	0.5%	9.31	19.55%	2.44	$24.58	0.41
10	pets_and_animals	Axon	65.11	1.76	3.8%	72.58	2.53%	0.67	$33.09	2.59
10	pets_and_animals	Microsoft Ads	10.03	0.35	2.85%	45.23	0.78%	1.05	$47.65	0.95
10	pets_and_animals	Meta	15.08	0.58	2.52%	30.56	1.85%	1.74	$56.12	0.58
10	pets_and_animals	Google Ads	18.31	1.06	1.75%	23.39	4.01%	2.46	$58.06	0.41
10	pets_and_animals	Pinterest Ads	9.67	0.53	1.84%	67.91	0.77%	2.89	$196.59	0.35
10	pets_and_animals	Snapchat	25.18	1.51	1.67%	97.06	1.56%	1.16	$112.75	0.86
10	pets_and_animals	TikTok	3.48	0.97	0.36%	25.45	3.62%	2.51	$42.47	0.55
10	professional_training_and_coaching	Meta	32.84	0.85	4.14%	26.25	3.58%	1.39	$37.27	0.72
10	professional_training_and_coaching	Google Ads	450.12	3.1	14.52%	17.05	18.18%	2.44	$41.59	0.41
10	senior_care	Meta	24.96	0.92	2.75%	31.12	2.98%	1.77	$54.42	0.57
10	senior_care	Google Ads	16.23	1.79	0.91%	31.69	5.64%	1.47	$46.53	0.68
10	software_and_saas	Microsoft Ads	2.61	0.57	0.46%	10.45	5.43%	2.5	$26.17	0.4
10	software_and_saas	Meta	8.55	0.49	1.58%	91.07	0.78%	1.54	$153.44	0.65
10	software_and_saas	Google Ads	26.35	1	2.46%	76.57	1.85%	1.69	$143.09	0.59
10	sports_and_outdoors	Amazon	5.77	1.17	0.62%	9.44	12.18%	4.06	$43.29	0.25
10	sports_and_outdoors	Meta	11.2	0.62	2.03%	44.07	1.48%	1.97	$88.05	0.51
10	sports_and_outdoors	Google Ads	12.78	0.89	1.4%	35.41	2.96%	2.56	$98.21	0.39
10	sports_and_outdoors	TikTok	3.15	0.6	0.53%	15.67	3.8%	4.65	$72.88	0.21
10	telecommunications	Meta	14.13	0.94	3.26%	416.59	1.23%	3.81	$424.71	1.13
10	telecommunications	Google Ads	34.23	2.12	1.61%	116.71	1.82%	5.55	$647.31	0.18
10	toys_art_and_collectibles	Amazon	5.42	0.78	0.67%	9.93	8.23%	2.96	$29.91	0.35
10	toys_art_and_collectibles	Microsoft Ads	9.04	0.54	1.54%	25.68	2.49%	2.9	$48.89	0.57
10	toys_art_and_collectibles	Meta	10.35	0.51	2.39%	36.28	1.38%	1.82	$64.42	0.55
10	toys_art_and_collectibles	Google Ads	10	0.64	1.44%	29.5	2.33%	2.36	$68.24	0.42
10	toys_art_and_collectibles	Snapchat	3.55	0.38	0.94%	116.51	0.32%	0.68	$79	1.47
10	toys_art_and_collectibles	TikTok	3.2	0.35	0.86%	31.48	1.55%	1.55	$36.97	0.64
10	travel_accessories_and_luggage	Amazon	6.21	0.7	0.89%	11.84	5.9%	2.77	$32.77	0.36
10	travel_accessories_and_luggage	Meta	14.38	0.56	2.53%	48.93	1.17%	2.31	$105.77	0.43
10	travel_accessories_and_luggage	Google Ads	10.98	0.67	1.24%	35.2	2.05%	3.56	$174.62	0.28
11	agriculture_and_food_production	Meta	13.18	0.3	4.62%	18.23	1.87%	6.95	$118.06	0.16
11	agriculture_and_food_production	Google Ads	11.65	1	1.16%	67.78	1.48%	0.65	$43.97	1.54
11	apparel_and_accessories	Amazon	3.15	0.78	0.4%	6.8	10.67%	3.97	$27.39	0.25
11	apparel_and_accessories	Microsoft Ads	63.97	4.48	1.43%	828.76	0.54%	0.14	$111.96	7.4
11	apparel_and_accessories	Meta	11.15	0.51	2.37%	36.55	1.38%	2.18	$76.33	0.46
11	apparel_and_accessories	Google Ads	10.99	0.82	1.47%	32.01	2.34%	2.45	$77.08	0.41
11	apparel_and_accessories	Pinterest Ads	2.47	0.15	1.75%	37.08	0.38%	2.12	$59.81	0.47
11	apparel_and_accessories	Snapchat	5.14	0.84	0.67%	48.16	0.98%	2.47	$112.5	0.41
11	apparel_and_accessories	Taboola	2.07	0.35	0.6%	1.98	17.51%	3.69	$7.32	0.27
11	apparel_and_accessories	TikTok	2.45	0.31	0.77%	26.45	1.27%	2.39	$55.4	0.42
11	arts_and_culture	Meta	4.38	0.27	2.03%	34.59	0.83%	4.07	$70.2	0.25
11	arts_and_culture	Google Ads	17.58	1.44	1.19%	51.66	2.88%	2.4	$113.03	0.42
11	automotive	Amazon	4.17	0.85	0.68%	7.35	4.98%	3.65	$81.92	0.27
11	automotive	Meta	8.76	0.42	2.13%	44.16	1.23%	2.14	$80.64	0.47
11	automotive	Google Ads	13.64	0.79	1.91%	43.99	1.56%	2.31	$113.07	0.43
11	automotive	TikTok	5.25	1.22	0.43%	12.01	10.14%	0.42	$5.08	2.36
11	baby	Amazon	6.42	0.64	0.85%	14.25	3.51%	4.32	$51.31	0.23
11	baby	Meta	11.53	0.61	1.91%	31.46	1.84%	2.25	$65.79	0.44
11	baby	Google Ads	14.91	0.98	1.48%	31.75	2.35%	2.9	$84.5	0.35
11	baby	Snapchat	6.44	0.83	0.77%	12.69	6.56%	7.53	$95.63	0.13
11	books_and_music	Amazon	7.21	0.98	0.73%	14.83	6.62%	2.22	$32.98	0.45
11	books_and_music	Meta	11.29	0.47	2.67%	25.19	1.61%	1.87	$45.53	0.53
11	books_and_music	Google Ads	20.4	1.27	1.87%	19.97	3.91%	2.31	$71.3	0.43
11	books_and_music	TikTok	2.07	0.74	0.35%	42	1.37%	0.76	$36.71	1.31
11	business_supplies_and_equipment	Amazon	4.49	0.58	0.77%	7.05	9.05%	3.92	$36.58	0.25
11	business_supplies_and_equipment	Meta	11.41	0.52	1.65%	38.82	1.38%	1.81	$69.09	0.55
11	business_supplies_and_equipment	Google Ads	19.75	1.43	2.07%	43.82	2.23%	2.64	$99.58	0.38
11	construction_and_engineering	Amazon	10.03	1.75	0.57%	100.43	1.75%	2.18	$218.75	0.46
11	construction_and_engineering	Meta	11.31	0.4	2.83%	65.2	1.11%	1.44	$132.32	0.7
11	construction_and_engineering	Google Ads	22.45	1.47	1.52%	123.38	3%	1.9	$284.89	0.53
11	consulting_and_professional_services	Meta	27.51	1.34	2.68%	29.81	0.42%	1.65	$105.08	0.61
11	consulting_and_professional_services	TikTok	6.18	1.12	0.55%	32.1	3.49%	0.88	$28.38	1.13
11	consumer_electronics	Amazon	5.89	1.58	0.54%	44.98	2.7%	3.32	$141.05	0.3
11	consumer_electronics	Meta	14.36	0.53	2.32%	39.09	1.31%	2.18	$87.12	0.46
11	consumer_electronics	Google Ads	10.08	0.89	1.33%	46.1	1.85%	2.64	$122.01	0.38
11	consumer_electronics	Taboola	1.4	0.41	0.34%	38.76	1.06%	1.47	$56.97	0.68
11	consumer_electronics	TikTok	1.93	0.25	1.19%	14.22	1.45%	4.14	$57.79	0.24
11	dating_and_personal_services	Meta	9.58	0.55	2.39%	25.95	1.51%	1.59	$58.16	0.63
11	dating_and_personal_services	Google Ads	11.82	1.17	1.01%	68.32	1.72%	0.8	$54.68	1.25
11	dating_and_personal_services	TikTok	2.82	0.09	3.03%	36.95	0.25%	1.13	$41.78	0.88
11	elearning_and_online_courses	Meta	13.05	0.5	2.22%	45.41	0.95%	1.54	$68.63	0.65
11	elearning_and_online_courses	Google Ads	41.11	1.15	2.88%	42.56	2.35%	2.48	$80.66	0.4
11	elearning_and_online_courses	TikTok	1.4	0.28	0.51%	33.31	0.83%	0.88	$29.34	1.14
11	emerging_technology	Meta	16.66	0.7	2.42%	64.72	1.17%	1.2	$60.36	1.43
11	emerging_technology	TikTok	2.05	0.2	1%	95.06	0.22%	0.73	$68.95	1.38
11	energy_and_utilities	Meta	8.27	0.89	0.93%	46.49	1.91%	1.43	$66.33	0.7
11	energy_and_utilities	Google Ads	18.85	1.53	1.23%	80.83	1.89%	0.96	$77.82	1.04
11	entertainment	Meta	16.34	0.97	1.79%	49.47	1.84%	1.2	$70.68	0.87
11	entertainment	Google Ads	542.02	2.07	26.14%	26.02	7.97%	3.31	$86.19	0.3
11	entertainment	TikTok	2.42	0.33	0.74%	40.34	0.81%	1.24	$50.22	0.8
11	events_and_venues	Meta	17.21	0.62	2.76%	44.01	1.42%	1.62	$71.37	0.62
11	food_and_beverage	Amazon	11.35	2.08	0.62%	11.4	15.96%	2.56	$29.82	0.39
11	food_and_beverage	Axon	30.49	0.74	3.89%	49.64	1.65%	1.92	$73.99	0.52
11	food_and_beverage	Meta	13.84	0.61	2.24%	32.59	2%	1.78	$57.38	0.56
11	food_and_beverage	Google Ads	14.08	0.9	1.51%	25.75	3.7%	2.37	$56.99	0.42
11	food_and_beverage	Pinterest Ads	6.56	0.16	4.2%	122.48	0.13%	1.14	$139.98	0.88
11	food_and_beverage	Snapchat	8.04	3.21	0.25%	13.93	23.08%	5.28	$73.51	0.19
11	food_and_beverage	Taboola	4.24	0.13	3.37%	56.25	0.22%	2.45	$137.71	0.41
11	food_and_beverage	TikTok	2.39	0.27	0.62%	35.25	1.47%	2.55	$111.59	0.39
11	gaming_and_apps	Meta	11.81	0.3	2.94%	33.43	0.78%	2.89	$78.61	0.35
11	gaming_and_apps	Google Ads	169.12	1.59	10.62%	104.73	1.52%	0.73	$76.22	1.37
11	health_and_beauty	Amazon	10.02	1.82	0.56%	11.4	14.51%	2.44	$30.17	0.41
11	health_and_beauty	Axon	40.21	1.08	4.32%	80.29	1.72%	1.17	$76.13	0.85
11	health_and_beauty	Microsoft Ads	20.99	2.98	0.74%	154.86	2.27%	2.55	$229.96	1.06
11	health_and_beauty	Meta	16.98	0.66	2.61%	34.73	1.85%	1.74	$59.19	0.58
11	health_and_beauty	Google Ads	17.76	1.07	1.58%	29.89	3.68%	2.3	$66.61	0.43
11	health_and_beauty	Pinterest Ads	1.86	0.06	3.72%	25.59	0.25%	1.5	$33.17	0.66
11	health_and_beauty	Reddit	7.16	0.34	2.1%	59.74	0.57%	1.5	$89.86	0.66
11	health_and_beauty	Snapchat	5.75	0.74	1.24%	24	3.45%	3.16	$59.99	0.32
11	health_and_beauty	Taboola	3.13	0.53	0.68%	126.67	0.41%	0.89	$77.37	2.12
11	health_and_beauty	TikTok	3.18	0.43	0.59%	27.63	2.09%	2.59	$51.77	0.39
11	health_and_beauty	Vibe	17.5	0	0%	16.74	0%	3.02	$50.5	0.33
11	health_and_wellness	Amazon	17.15	2.65	0.85%	25.26	11.6%	1.77	$33.83	0.57
11	health_and_wellness	Axon	70.59	1.91	4%	53.93	3.29%	0.95	$38.54	1.37
11	health_and_wellness	Microsoft Ads	200.66	1.68	11.91%	106.15	1.59%	1.32	$139.9	0.76
11	health_and_wellness	Meta	19.25	0.67	3.11%	36.35	1.74%	1.59	$61.33	0.63
11	health_and_wellness	Google Ads	18.89	1.14	1.44%	32.91	3.31%	2.14	$65.9	0.47
11	health_and_wellness	Mountain	44.98	0	0%	406.59	0%	0.29	$116.58	3.49
11	health_and_wellness	Reddit	8.53	1.85	0.46%	103.16	1.79%	4.66	$480.82	0.21
11	health_and_wellness	Snapchat	6.46	0.55	1.17%	48.12	1.15%	1.19	$57.38	0.84
11	health_and_wellness	TikTok	1.72	0.36	0.48%	14.56	2.86%	3.45	$40.38	0.29
11	health_and_wellness	Vibe	20.84	0	0%	177.46	0%	2.67	$473.07	0.38
11	healthcare_providers	Meta	4.31	0.25	1.72%	9.87	2.7%	5.25	$42.23	0.59
11	healthcare_providers	Google Ads	23.57	0.95	2.39%	23.15	3.07%	3.43	$92.54	0.35
11	healthcare_providers	TikTok	3.14	0.9	0.35%	22.03	4.08%	2.26	$49.72	0.44
11	home_and_garden	Amazon	7.41	1.01	0.66%	16.99	6.23%	3.07	$53.21	0.33
11	home_and_garden	Axon	65.92	2.02	3.28%	63.12	3.2%	0.96	$135.39	1.04
11	home_and_garden	Meta	13.6	0.57	2.33%	40.71	1.44%	2.12	$85.23	0.47
11	home_and_garden	Google Ads	12.45	0.98	1.41%	38.53	2.25%	2.79	$100.63	0.36
11	home_and_garden	Pinterest Ads	1.57	0.17	1.93%	88.07	0.22%	2.05	$76.41	0.49
11	home_and_garden	Taboola	1.8	0.34	0.53%	9.68	3.48%	0.8	$7.77	1.25
11	home_and_garden	TikTok	2.75	0.41	0.67%	31.63	2.1%	3.24	$86.87	0.32
11	insurance	Meta	7.74	0.28	2.77%	13.09	2.14%	3.63	$47.56	0.28
11	insurance	Google Ads	9.2	0.76	1.2%	25.37	3.01%	4.04	$102.56	0.25
11	internet_and_ecommerce	Meta	22.39	1.02	2.13%	50.18	2.08%	1.93	$118.01	0.52
11	internet_and_ecommerce	Google Ads	164.58	1.41	2.76%	23.32	6.06%	3.24	$76.81	0.31
11	lifestyle_and_boutique	Amazon	3.45	0.66	0.53%	16.23	4.04%	2.37	$38.48	0.42
11	lifestyle_and_boutique	Meta	12.59	0.57	2.21%	37.83	1.55%	1.88	$63.95	0.53
11	lifestyle_and_boutique	Google Ads	11.44	0.93	1.26%	32.4	2.46%	2.21	$67.35	0.45
11	lifestyle_and_boutique	Pinterest Ads	3.11	0.19	2.08%	21.7	0.51%	1.61	$35.03	0.62
11	lifestyle_and_boutique	Snapchat	24.02	4.54	0.53%	34.05	13.33%	1.17	$39.84	0.85
11	lifestyle_and_boutique	TikTok	2.32	0.55	0.47%	24.92	1.58%	2.1	$53.81	0.5
11	manufacturing	Amazon	3.58	0.51	0.71%	2.39	21.21%	11.59	$27.75	0.09
11	manufacturing	Meta	7.44	0.39	2.15%	39.98	1.55%	4.39	$156.23	0.23
11	manufacturing	Google Ads	16.33	1.1	1.58%	28.07	3.37%	6.91	$173.68	0.14
11	marketing_and_advertising	Meta	7.13	0.95	1.24%	37.51	0.85%	2.6	$88.77	0.38
11	marketing_and_advertising	Google Ads	10.81	0.66	1.2%	67.51	1.33%	1.11	$75.17	0.9
11	marketing_and_advertising	TikTok	2.08	0.42	0.49%	79.13	0.53%	0.65	$51.13	1.55
11	media_and_publishing	Meta	17.03	0.58	2.86%	36.76	1.62%	1.08	$38.85	0.92
11	media_and_publishing	Google Ads	27.17	1.44	2.59%	25.3	6.1%	2.96	$77.7	0.34
11	media_and_publishing	TikTok	3.58	0.17	2.07%	17.29	1.08%	1.44	$35.74	0.7
11	medical_devices_and_equipment	Meta	14.72	0.49	3.55%	30.61	1.1%	1.75	$61.2	0.57
11	medical_devices_and_equipment	Google Ads	17.15	0.83	1.97%	36.97	2.41%	2.65	$99.93	0.41
11	nonprofit_and_philanthropy	Meta	9.31	0.21	5.08%	48.68	1.12%	3.35	$23.04	1.98
11	other	Meta	19.06	0.56	3.16%	29.3	1.87%	2.17	$54.11	0.46
11	other	Google Ads	38.8	0.73	2.72%	26.93	2.21%	3.91	$53.72	0.26
11	other	TikTok	0.74	0.2	0.43%	8.31	2.3%	3.54	$28.98	0.28
11	pets_and_animals	Amazon	11.8	2.2	0.54%	12.27	16.74%	2.82	$26.78	0.35
11	pets_and_animals	Axon	65.1	1.52	4.29%	49.03	3.01%	0.88	$40.87	1.2
11	pets_and_animals	Meta	14.99	0.59	2.46%	32.13	1.75%	1.88	$58.36	0.53
11	pets_and_animals	Google Ads	17.48	1.02	1.68%	27.46	3.44%	2.32	$59.93	0.43
11	pets_and_animals	Snapchat	27.47	1.49	1.84%	226.89	0.66%	0.46	$104	2.18
11	pets_and_animals	TikTok	0.99	0.31	0.32%	5.26	5.87%	8.23	$43.27	0.12
11	pharmaceuticals_and_biotech	Meta	8.51	0.36	2.35%	12.49	2.9%	6.33	$79.04	0.16
11	professional_training_and_coaching	Meta	36.4	0.86	5.52%	21.1	3.26%	1.04	$21.13	0.96
11	professional_training_and_coaching	Google Ads	530.94	3.71	14.3%	29.35	13.44%	12.46	$386.16	0.08
11	senior_care	Meta	25.99	0.88	3.02%	37.14	2.33%	1.44	$55.62	0.72
11	senior_care	Google Ads	17.76	1.67	1.06%	30.91	5.42%	1.38	$42.79	0.72
11	software_and_saas	Microsoft Ads	1.83	0.49	0.38%	17.48	2.78%	1.76	$30.78	0.57
11	software_and_saas	Meta	9.96	0.49	1.75%	82.49	0.88%	1.48	$149.73	0.68
11	software_and_saas	Google Ads	21.37	0.84	1.84%	52.98	1.59%	2.9	$78.69	0.35
11	sports_and_outdoors	Amazon	6.45	1.14	0.6%	10.97	9.62%	3.39	$40.93	0.29
11	sports_and_outdoors	Meta	11.34	0.66	1.89%	45.84	1.51%	1.97	$88.55	0.51
11	sports_and_outdoors	Google Ads	12.03	0.86	1.35%	34.82	2.38%	2.64	$104.75	0.38
11	sports_and_outdoors	TikTok	2.78	0.52	0.53%	49.72	1.35%	1.21	$45.09	1.35
11	telecommunications	Meta	17.51	1.53	1.15%	65.75	2.33%	5.36	$352.24	0.19
11	telecommunications	Google Ads	78.85	4.82	1.64%	578.04	0.83%	0.92	$529.99	1.09
11	toys_art_and_collectibles	Amazon	6.14	0.75	0.69%	11.57	8.21%	3.04	$24.19	0.33
11	toys_art_and_collectibles	Axon	46.48	0.66	8.31%	95.89	1.11%	1.95	$167.6	0.54
11	toys_art_and_collectibles	Microsoft Ads	7.38	0.51	1.39%	13.36	4%	4.34	$48.67	0.29
11	toys_art_and_collectibles	Meta	10.45	0.51	2.36%	35.06	1.46%	1.89	$63.1	0.53
11	toys_art_and_collectibles	Google Ads	9.42	0.64	1.46%	29.28	2.29%	2.67	$73.83	0.38
11	toys_art_and_collectibles	Pinterest Ads	1.17	0.17	0.67%	43.45	0.4%	1.45	$63.14	0.69
11	toys_art_and_collectibles	TikTok	0.91	0.31	0.3%	14.25	2.14%	2.61	$37.23	0.38
11	travel_accessories_and_luggage	Amazon	4	0.82	0.49%	10.91	7.48%	3.05	$33.32	0.33
11	travel_accessories_and_luggage	Meta	14.65	0.55	2.62%	46.11	1.11%	2.87	$134.38	0.35
11	travel_accessories_and_luggage	Google Ads	8.86	0.65	1.16%	63.42	1.09%	2.25	$144.23	0.44
11	travel_accessories_and_luggage	TikTok	4.89	0.55	0.89%	41.38	1.33%	5.13	$212.44	0.19
12	agriculture_and_food_production	Meta	15.33	0.37	4.85%	30.59	1.68%	4.89	$127.51	0.25
12	apparel_and_accessories	Amazon	3.19	0.75	0.4%	6.36	11.64%	3.1	$26.68	0.32
12	apparel_and_accessories	Meta	11.64	0.52	2.42%	37.04	1.37%	2.15	$77.45	0.47
12	apparel_and_accessories	Google Ads	10.98	0.83	1.42%	34.31	2.22%	2.21	$76.92	0.45
12	apparel_and_accessories	Pinterest Ads	2.23	0.12	1.92%	37.05	0.36%	1.91	$63.51	0.52
12	apparel_and_accessories	Snapchat	2.83	0.18	1.12%	21.83	0.73%	2.11	$89.25	0.47
12	apparel_and_accessories	Taboola	1.46	0.29	0.51%	1.69	17.04%	2.93	$4.93	0.34
12	apparel_and_accessories	TikTok	2.66	0.32	0.72%	25.92	1.19%	2.39	$61.04	0.42
12	arts_and_culture	Meta	4.44	0.31	1.97%	34.4	1%	2.83	$66.1	0.35
12	arts_and_culture	Google Ads	13.04	1.3	0.98%	54.77	2.5%	1.79	$109.95	0.56
12	automotive	Amazon	4.67	0.93	0.79%	7.53	5.27%	3.6	$72.49	0.28
12	automotive	Meta	8.59	0.49	2.02%	35.45	1.32%	2.1	$88.67	0.48
12	automotive	Google Ads	14.42	0.75	2.04%	34.18	1.79%	3	$94.95	0.33
12	automotive	TikTok	6.41	1.33	0.48%	12.3	10.77%	0.67	$8.22	1.5
12	baby	Amazon	6.74	0.66	0.71%	15.37	4%	2.96	$86.12	0.34
12	baby	Meta	11.03	0.6	1.87%	29.1	1.77%	2.32	$66.21	0.43
12	baby	Google Ads	14.86	1.03	1.45%	29.18	2.88%	2.49	$84.96	0.4
12	baby	Snapchat	7.42	0.71	1.04%	19.28	3.7%	4.66	$89.94	0.21
12	books_and_music	Amazon	5.75	0.68	0.92%	23.18	5.31%	2.44	$44.76	0.47
12	books_and_music	Meta	11.2	0.45	2.74%	32.83	1.45%	1.76	$47.26	0.57
12	books_and_music	Google Ads	16.39	0.7	2.03%	30.6	2.19%	2.23	$59.3	0.45
12	books_and_music	TikTok	2.88	0.81	0.57%	92.46	0.81%	1.13	$53.02	1.49
12	business_supplies_and_equipment	Amazon	4.7	0.63	0.77%	10.63	7.43%	3.44	$38.93	0.29
12	business_supplies_and_equipment	Axon	14.37	0.4	3.55%	206.23	0.2%	0.53	$108.8	1.9
12	business_supplies_and_equipment	Microsoft Ads	46.52	1.29	3.61%	28.13	4.58%	3.67	$103.17	0.27
12	business_supplies_and_equipment	Meta	11.53	0.67	1.66%	46.65	1.31%	1.56	$64.04	0.64
12	business_supplies_and_equipment	Google Ads	17.16	1.21	2.51%	61.07	1.38%	2.25	$123.18	0.45
12	construction_and_engineering	Amazon	11.43	1.73	0.66%	44.75	3.88%	4.85	$217	0.21
12	construction_and_engineering	Meta	13.27	0.73	2.26%	50.49	1.47%	3.17	$140.11	0.33
12	construction_and_engineering	Google Ads	25.08	1.56	1.43%	100.4	1.56%	1.51	$99.69	0.66
12	consulting_and_professional_services	Meta	27.51	1.51	2.72%	100.24	1.67%	1.47	$147.79	0.68
12	consulting_and_professional_services	TikTok	6.97	1.22	0.57%	34.65	3.53%	0.68	$23.73	1.46
12	consumer_electronics	Amazon	5.41	1.07	0.43%	27.17	2.8%	4.27	$124.64	0.23
12	consumer_electronics	Meta	14.59	0.54	2.51%	39.26	1.51%	2.28	$84.51	0.44
12	consumer_electronics	Google Ads	11.67	0.89	1.37%	44.06	2.14%	2.04	$107.73	0.49
12	consumer_electronics	Taboola	1.48	0.51	0.29%	29.7	1.72%	1.5	$44.41	0.67
12	consumer_electronics	TikTok	0.29	0.03	0.94%	1.23	2.52%	5.1	$6.29	0.2
12	dating_and_personal_services	Meta	6.78	0.31	1.93%	35.33	0.52%	1.3	$51.8	0.77
12	dating_and_personal_services	Google Ads	8.48	0.97	0.87%	82.67	1.17%	0.72	$59.46	1.39
12	dating_and_personal_services	TikTok	2.47	0.11	2.18%	34.93	0.32%	1.57	$54.89	0.64
12	elearning_and_online_courses	Meta	12.67	0.48	2.18%	41.32	0.98%	1.54	$62.65	0.65
12	elearning_and_online_courses	Google Ads	27.57	1.11	2.47%	43.93	2.92%	2.03	$78.49	0.49
12	emerging_technology	Meta	17.05	0.77	2.23%	64.75	1.45%	1.45	$62.01	1.42
12	emerging_technology	TikTok	2.42	0.31	0.78%	68.84	0.45%	1.56	$107.45	0.64
12	energy_and_utilities	Meta	8.44	0.94	0.9%	55.93	1.68%	2.4	$134.44	0.42
12	energy_and_utilities	Google Ads	18.3	1.73	1.06%	93.64	1.85%	1.09	$102.44	0.91
12	entertainment	Meta	14.21	0.87	1.8%	29.96	3.74%	1.97	$100.4	0.51
12	entertainment	Google Ads	345.83	1.91	17.8%	45.04	4.24%	1.35	$61.16	0.76
12	entertainment	TikTok	2.77	0.24	1.14%	39.87	0.61%	1.34	$53.54	0.74
12	events_and_venues	Meta	16.8	0.57	2.97%	47.37	1.2%	1.35	$63.74	0.74
12	food_and_beverage	Amazon	11.5	2.05	0.6%	11.86	16.02%	2.4	$29.81	0.42
12	food_and_beverage	Axon	19.77	0.38	3.67%	69.46	1.19%	1.61	$63.83	0.62
12	food_and_beverage	Meta	14.72	0.65	2.16%	33.65	1.95%	1.83	$58.76	0.55
12	food_and_beverage	Google Ads	13.67	1.01	1.47%	29.84	3.65%	2.32	$61.07	0.43
12	food_and_beverage	Pinterest Ads	6.52	0.15	4.22%	43.48	0.36%	4.48	$194.97	0.22
12	food_and_beverage	Snapchat	11.38	3.56	0.33%	8.66	44.72%	5.85	$51.79	0.17
12	food_and_beverage	Taboola	4.62	0.13	3.61%	39.99	0.32%	3.25	$130.14	0.31
12	food_and_beverage	TikTok	2.86	0.46	0.69%	27.63	1.16%	4.83	$96.91	0.21
12	gaming_and_apps	Meta	12.52	0.35	3.2%	26.06	1.62%	2.62	$99.04	0.38
12	gaming_and_apps	Google Ads	105.11	1.26	8.64%	71.85	1.95%	1.79	$96.11	0.72
12	health_and_beauty	Amazon	9.7	1.8	0.55%	11.91	14.93%	2.29	$29.58	0.44
12	health_and_beauty	Axon	46.68	1.16	4.17%	90.78	1.64%	1.18	$64.94	0.85
12	health_and_beauty	Microsoft Ads	11.97	1.93	0.62%	82.44	3.07%	4.34	$214.81	0.65
12	health_and_beauty	Meta	17.34	0.66	2.6%	37.14	1.86%	1.67	$58.66	0.6
12	health_and_beauty	Google Ads	17.82	1.07	1.58%	30.44	3.53%	2.24	$65.04	0.45
12	health_and_beauty	Pinterest Ads	1.19	0.03	4.09%	16.14	0.16%	1.97	$34.15	0.51
12	health_and_beauty	Reddit	7.3	0.4	1.81%	57.16	0.71%	2.93	$167.48	0.34
12	health_and_beauty	Snapchat	5.67	0.65	1.17%	19.81	2.81%	2.92	$63.36	0.34
12	health_and_beauty	Taboola	2.52	0.52	0.48%	114.59	0.43%	1.02	$116.63	0.98
12	health_and_beauty	TikTok	2.72	0.42	0.62%	25.02	1.65%	2.01	$51.59	0.5
12	health_and_beauty	Vibe	17.45	0	0%	40.45	0%	0.85	$34.45	1.17
12	health_and_wellness	Amazon	15.03	2.5	0.59%	21.97	13.04%	1.95	$35.84	0.51
12	health_and_wellness	Axon	55.37	1.93	2.87%	88.76	2.17%	0.98	$86.89	1.02
12	health_and_wellness	Criteo	3.65	0.42	0.88%	66.04	0.63%	1.13	$74.93	0.88
12	health_and_wellness	Meta	19.38	0.64	3.18%	36.63	1.65%	1.57	$58.84	0.64
12	health_and_wellness	Google Ads	16.84	1.04	1.49%	37.04	2.89%	1.76	$74.11	0.57
12	health_and_wellness	Reddit	8.43	1.95	0.43%	108.42	1.8%	4.38	$475.19	0.23
12	health_and_wellness	Snapchat	4.41	0.53	0.83%	115.2	0.46%	0.44	$51	2.26
12	health_and_wellness	TikTok	2.74	0.27	0.97%	17.46	3.93%	4.04	$46.29	0.39
12	health_and_wellness	Vibe	22.68	0	0%	123.18	0%	3.99	$491.11	0.25
12	healthcare_providers	Meta	4.63	0.25	1.89%	11.25	2.43%	3.15	$26.82	0.72
12	healthcare_providers	Google Ads	25.49	1.04	2.45%	22.26	4.07%	2.28	$41.67	0.45
12	healthcare_providers	TikTok	3.52	0.98	0.36%	22.07	4.42%	1.69	$37.31	0.59
12	home_and_garden	Amazon	7.79	1.08	0.64%	14.35	6.46%	2.77	$43.8	0.36
12	home_and_garden	Axon	49.1	1.35	3.98%	90.88	3.54%	1.32	$253.83	0.76
12	home_and_garden	Meta	13.64	0.57	2.46%	43.22	1.35%	2.02	$88.88	0.5
12	home_and_garden	Google Ads	13.52	0.97	1.48%	40.68	2.25%	2.98	$109.31	0.34
12	home_and_garden	Pinterest Ads	1.52	0.09	1.52%	32.89	0.26%	1.97	$52.86	0.51
12	home_and_garden	TikTok	4.04	0.45	0.68%	43.73	0.97%	2.13	$57.78	0.47
12	insurance	Meta	5.37	0.29	1.88%	17.58	1.63%	3.08	$54.16	0.32
12	insurance	Google Ads	9.04	0.79	1.14%	33.62	2.35%	2.67	$89.91	0.37
12	internet_and_ecommerce	Microsoft Ads	255.99	6.23	4.11%	162.04	3.85%	1.77	$286.43	0.57
12	internet_and_ecommerce	Meta	24.96	1.16	2.26%	56.15	2.01%	1.71	$90.53	0.59
12	internet_and_ecommerce	Google Ads	105.87	1.33	7.54%	21.21	6.72%	2.48	$53.57	0.4
12	lifestyle_and_boutique	Amazon	3.24	0.63	0.52%	13.28	4.73%	2.71	$36	0.37
12	lifestyle_and_boutique	Meta	12.54	0.53	2.3%	35.9	1.52%	2.05	$59.18	0.49
12	lifestyle_and_boutique	Google Ads	9.36	0.88	1.13%	29.47	2.84%	2.42	$69.8	0.41
12	lifestyle_and_boutique	Pinterest Ads	2.42	0.15	2.47%	28.53	0.36%	1.19	$39.53	0.91
12	lifestyle_and_boutique	Snapchat	18.38	2.53	0.73%	24.82	10.19%	2.29	$56.71	0.44
12	lifestyle_and_boutique	TikTok	2.55	0.65	0.43%	137.3	1.78%	0.64	$70.5	1.67
12	manufacturing	Amazon	3.09	0.52	0.6%	1.77	29.15%	16.72	$29.59	0.06
12	manufacturing	Meta	6.21	0.39	1.65%	19.65	2.11%	6.86	$134.89	0.15
12	manufacturing	Google Ads	20.21	0.95	2.84%	27.44	4.82%	5.92	$93.02	0.17
12	marketing_and_advertising	Meta	8.47	0.89	1.04%	54.75	1.15%	1.92	$91.19	0.52
12	marketing_and_advertising	Google Ads	9.46	0.69	1.37%	93.93	0.77%	5.89	$413.29	2.47
12	media_and_publishing	Meta	19.86	0.62	2.99%	38.58	2.09%	1.04	$31.7	0.97
12	media_and_publishing	Google Ads	24.48	1.4	3.23%	28.58	4.65%	2.05	$61.37	0.5
12	media_and_publishing	TikTok	5.01	0.17	2.87%	19.64	0.89%	0.91	$33.86	1.09
12	medical_devices_and_equipment	Meta	15.15	0.5	3.45%	27.4	1.21%	1.44	$59.86	0.7
12	medical_devices_and_equipment	Google Ads	14.4	1.09	1.79%	29.44	3.58%	3.61	$129.14	0.28
12	nonprofit_and_philanthropy	Meta	9.68	0.23	5.2%	150.79	1.07%	4.56	$23.9	6.7
12	other	Meta	18.63	0.55	3.06%	34.08	1.55%	2.03	$59.92	0.49
12	other	Google Ads	36.84	0.75	2.77%	30.14	2.8%	3.85	$82.19	0.26
12	other	TikTok	0.86	0.18	0.48%	10.96	2.35%	2.73	$28.91	0.4
12	pets_and_animals	Amazon	11.3	2.23	0.6%	11.69	18.53%	2.4	$24.39	0.42
12	pets_and_animals	Axon	67.45	1.55	4.35%	48.46	3.13%	0.92	$40.56	1.19
12	pets_and_animals	Meta	14.93	0.58	2.53%	32.3	1.72%	1.71	$55.02	0.58
12	pets_and_animals	Google Ads	16.51	0.98	1.78%	25.95	3.56%	2.72	$60.35	0.37
12	pets_and_animals	TikTok	0.88	0.32	0.28%	6.5	4.86%	5.63	$36.62	0.18
12	pharmaceuticals_and_biotech	Meta	7.37	0.34	2.15%	13.31	2.57%	6.35	$84.58	0.16
12	professional_training_and_coaching	Meta	36.36	0.81	5.26%	19.94	3.47%	1.05	$20.91	0.96
12	professional_training_and_coaching	Google Ads	244.83	2.62	9.34%	20.8	12.6%	1.68	$34.9	0.6
12	senior_care	Meta	27.03	0.96	3.01%	37.12	2.55%	1.62	$59.3	0.62
12	senior_care	Google Ads	15.57	1.51	1.03%	47.46	3.18%	1.22	$57.76	0.82
12	software_and_saas	Microsoft Ads	2.22	0.56	0.39%	19.76	2.86%	1.99	$39.33	0.5
12	software_and_saas	Meta	10.92	0.51	2.17%	52.7	1.19%	2.03	$116.39	0.5
12	software_and_saas	Google Ads	25.77	0.9	3.07%	69.91	1.71%	1.98	$95.36	0.53
12	sports_and_outdoors	Amazon	6.48	1.18	0.53%	10.24	8.96%	3.09	$34.79	0.32
12	sports_and_outdoors	Axon	3.79	0.11	3.38%	132.97	0.08%	0.93	$123.12	1.08
12	sports_and_outdoors	Meta	11.48	0.64	1.97%	44.84	1.56%	2.1	$88.55	0.48
12	sports_and_outdoors	Google Ads	12.92	0.85	1.56%	34	2.56%	3.25	$106.51	0.31
12	sports_and_outdoors	TikTok	3.2	0.7	0.51%	40.93	2.11%	1.41	$46.9	0.71
12	telecommunications	Meta	15.97	1.65	0.97%	50.33	3.28%	2.19	$110.13	0.46
12	toys_art_and_collectibles	Amazon	6.41	0.82	0.65%	10.53	9.05%	2.66	$25.28	0.38
12	toys_art_and_collectibles	Axon	64.03	1.11	5.78%	68.68	1.61%	2.15	$147.41	0.47
12	toys_art_and_collectibles	Microsoft Ads	9.06	0.54	1.49%	20.98	3.15%	2.73	$36.8	0.54
12	toys_art_and_collectibles	Meta	10.41	0.49	2.34%	36.39	1.51%	1.93	$65.37	0.52
12	toys_art_and_collectibles	Google Ads	9.73	0.68	1.41%	29.56	2.48%	2.34	$68.38	0.43
12	toys_art_and_collectibles	Pinterest Ads	1.77	0.28	0.63%	95.8	0.29%	0.49	$47.36	2.02
12	toys_art_and_collectibles	TikTok	2.39	0.39	0.55%	33.81	1.27%	1.5	$35.29	0.98
12	travel_accessories_and_luggage	Amazon	4.39	0.95	0.46%	8.34	11.43%	4.31	$35.94	0.23
12	travel_accessories_and_luggage	Meta	14.38	0.53	2.54%	34.89	1.36%	2.4	$108.96	0.42
12	travel_accessories_and_luggage	Google Ads	11.72	0.75	1.12%	54.02	1.79%	2.67	$106.14	0.38
13	agriculture_and_food_production	Meta	19.08	0.52	3.65%	17.28	3.02%	8.25	$142.46	0.12
13	agriculture_and_food_production	Google Ads	9.88	1.02	0.97%	28.41	3.6%	0.94	$26.78	1.06
13	apparel_and_accessories	Amazon	3.19	0.74	0.41%	5.64	11.5%	2.96	$27.83	0.34
13	apparel_and_accessories	Meta	11.07	0.49	2.39%	34.33	1.42%	2.3	$79.86	0.43
13	apparel_and_accessories	Google Ads	10.94	0.78	1.48%	32.03	2.49%	2.48	$78.21	0.4
13	apparel_and_accessories	Outbrain	0.34	0.18	0.19%	46.89	0.38%	1.62	$75.93	0.62
13	apparel_and_accessories	Pinterest Ads	2.22	0.12	1.85%	33.82	0.35%	2.01	$70.47	0.5
13	apparel_and_accessories	Snapchat	7.85	0.99	1.18%	85.96	1.36%	2.6	$126	0.38
13	apparel_and_accessories	Taboola	1.72	0.37	0.46%	2.4	15.61%	3.11	$7.45	0.32
13	apparel_and_accessories	TikTok	2.33	0.27	0.77%	28.82	1.29%	2.38	$59.09	0.42
13	arts_and_culture	Meta	6.59	0.33	1.99%	26.22	1.52%	2.49	$46.72	0.4
13	arts_and_culture	Google Ads	21.78	0.94	1.13%	116.04	0.85%	0.9	$127.85	1.11
13	automotive	Amazon	4.57	0.91	0.76%	7.56	5.94%	3.43	$68.97	0.29
13	automotive	Meta	9.01	0.46	2.07%	36.52	1.48%	2.05	$80.24	0.49
13	automotive	Google Ads	13.6	0.72	1.74%	51.81	1.41%	2.55	$121.08	0.39
13	automotive	TikTok	3.98	0.95	0.42%	6.87	13.78%	1.07	$7.35	0.93
13	baby	Amazon	7.18	0.66	0.75%	11.4	3.16%	3.91	$58.99	0.26
13	baby	Meta	10.49	0.57	1.8%	26.9	1.79%	2.2	$64.28	0.45
13	baby	Google Ads	13.96	0.91	1.49%	27.23	2.41%	2.83	$77.46	0.35
13	baby	Snapchat	7.68	0.87	0.88%	15.74	5.54%	6.87	$108.11	0.15
13	books_and_music	Amazon	8.83	1.04	0.85%	24.78	4.2%	1.38	$34.15	0.73
13	books_and_music	Axon	39.07	1.41	2.78%	135.15	1.04%	1.76	$238	0.57
13	books_and_music	Meta	12.58	0.45	2.88%	33.36	1.56%	1.61	$52.7	0.62
13	books_and_music	Google Ads	16.65	0.56	1.78%	40.11	1.94%	2.07	$69.83	0.48
13	books_and_music	TikTok	3.38	0.73	0.56%	108.43	0.64%	0.78	$72	1.36
13	business_supplies_and_equipment	Amazon	4.79	0.78	0.8%	17.86	7.69%	3.24	$36.63	0.31
13	business_supplies_and_equipment	Microsoft Ads	54.55	1.39	3.93%	91.7	1.52%	0.71	$65	1.41
13	business_supplies_and_equipment	Meta	12.68	0.65	2%	65.71	1.36%	1.19	$61.94	0.84
13	business_supplies_and_equipment	Google Ads	13.74	0.87	2.02%	48.48	1.43%	1.57	$68.25	0.64
13	construction_and_engineering	Amazon	10.39	1.74	0.6%	110.92	1.57%	2.36	$261.25	0.42
13	construction_and_engineering	Meta	11.35	0.35	3.24%	69.45	0.51%	2.29	$159.15	0.44
13	construction_and_engineering	Google Ads	18.63	1.4	1.33%	76.49	1.83%	2.05	$158.96	0.49
13	consulting_and_professional_services	Meta	32.42	1.4	2.74%	33	1.94%	1.9	$76.29	0.65
13	consulting_and_professional_services	TikTok	6.45	1.14	0.57%	35.12	3.24%	0.94	$32.9	1.07
13	consumer_electronics	Amazon	6.7	1.47	0.53%	52.23	2.47%	2.95	$127.39	0.34
13	consumer_electronics	Meta	13.56	0.51	2.36%	40.9	1.35%	2.2	$85.48	0.45
13	consumer_electronics	Google Ads	9.95	0.86	1.4%	50.46	1.58%	2.12	$111.97	0.47
13	consumer_electronics	Taboola	1.44	0.43	0.34%	14.63	2.91%	1.59	$23.27	0.63
13	consumer_electronics	TikTok	0.28	0.01	3.63%	1.6	0.48%	3.98	$6.35	0.25
13	dating_and_personal_services	Meta	7.06	0.78	1.67%	34.3	1.79%	1.28	$49.08	0.78
13	dating_and_personal_services	Google Ads	8.5	0.86	0.99%	87.58	0.98%	0.5	$44.11	1.99
13	elearning_and_online_courses	Meta	11.79	0.47	2.93%	43.36	1%	1.17	$57.9	0.85
13	elearning_and_online_courses	Google Ads	18.88	1.12	2.19%	48.35	2.26%	2.23	$75.83	0.46
13	emerging_technology	Meta	15.47	0.78	1.99%	43.76	1.77%	1.7	$71.85	0.71
13	emerging_technology	TikTok	3.17	0.36	0.88%	31.34	1.15%	3.21	$100.52	0.31
13	energy_and_utilities	Meta	8.85	0.98	0.9%	56.75	1.73%	1.36	$77.2	0.74
13	energy_and_utilities	Google Ads	20.47	1.82	1.13%	162.47	1.12%	0.54	$87.74	1.85
13	entertainment	Meta	11.59	1.09	1.63%	24.61	5.34%	4.27	$62.03	0.24
13	entertainment	Google Ads	364.23	1.75	20.68%	35.17	6.63%	1.52	$42.94	0.77
13	events_and_venues	Meta	13.5	0.56	2.37%	45.84	1.22%	4.08	$186.48	0.39
13	food_and_beverage	Amazon	11.57	2.13	0.67%	12.88	12.88%	1.9	$28.22	0.53
13	food_and_beverage	Axon	22.86	0.41	3.68%	67.65	0.98%	0.85	$57.01	1.17
13	food_and_beverage	Meta	14.53	0.65	2.18%	33.4	1.9%	1.87	$58.1	0.53
13	food_and_beverage	Google Ads	13.77	0.95	1.54%	32.18	3.12%	2.15	$62.02	0.47
13	food_and_beverage	Pinterest Ads	5.22	0.14	3.87%	49.86	0.27%	2.49	$124.18	0.4
13	food_and_beverage	Snapchat	4.9	2.3	0.32%	21.03	8.92%	3.07	$75.37	0.33
13	food_and_beverage	Taboola	4.47	0.13	3.4%	37.68	0.35%	3.54	$133.38	0.28
13	food_and_beverage	TikTok	2.6	0.32	0.46%	31.94	2.16%	2.91	$104.61	0.34
13	gaming_and_apps	Meta	12.98	0.33	3.3%	24.33	1.26%	2.13	$64.25	0.49
13	gaming_and_apps	Google Ads	133.74	1.28	10.49%	101.83	1.21%	1.09	$113.6	0.95
13	health_and_beauty	Amazon	10.47	1.77	0.57%	12.48	14.39%	2.27	$29.87	0.44
13	health_and_beauty	Axon	63.74	1.55	4.11%	68.45	2.24%	0.81	$50.99	1.26
13	health_and_beauty	Microsoft Ads	11.4	1.57	0.73%	75	2.09%	4.18	$313.78	0.24
13	health_and_beauty	Meta	16.91	0.64	2.58%	35.64	1.84%	1.74	$59.65	0.58
13	health_and_beauty	Google Ads	17.77	1.09	1.61%	35.76	3.39%	2.2	$67.25	0.46
13	health_and_beauty	Pinterest Ads	1.53	0.04	4.13%	16.12	0.14%	2.05	$33.79	0.49
13	health_and_beauty	Snapchat	5.32	0.46	1.3%	28.27	1.6%	2.39	$66.16	0.42
13	health_and_beauty	Taboola	3.19	0.5	0.8%	59.58	0.87%	1.36	$82	0.79
13	health_and_beauty	TikTok	2.86	0.52	0.55%	26.73	2.13%	2.2	$49.81	0.45
13	health_and_beauty	Vibe	13.73	0	0%	24.06	0%	2.8	$67.26	0.36
13	health_and_wellness	Amazon	15.35	2.45	0.87%	26.13	8.8%	1.63	$34.65	0.61
13	health_and_wellness	Axon	87.96	2.22	3.8%	54.75	3.75%	0.94	$49.72	1.09
13	health_and_wellness	Meta	18.85	0.62	3.11%	37.55	1.63%	1.7	$61.38	0.59
13	health_and_wellness	Google Ads	17.46	1.21	1.49%	40.55	2.39%	2.01	$80.45	0.5
13	health_and_wellness	Mountain	46.87	0	0%	627.51	0%	0.28	$174.88	3.59
13	health_and_wellness	Reddit	7.55	1.57	0.48%	57.39	2.73%	8.47	$485.84	0.12
13	health_and_wellness	TikTok	3.83	0.18	1.95%	18.48	2.26%	2.65	$42.82	0.38
13	health_and_wellness	Vibe	22.89	0	0%	94.63	0%	5.08	$480.61	0.2
13	healthcare_providers	Meta	4.6	0.22	2.05%	9.68	2.42%	4.25	$33.99	0.57
13	healthcare_providers	Google Ads	29.61	1.06	2.54%	20.66	4.23%	2.83	$107.92	0.37
13	healthcare_providers	TikTok	4.22	0.79	0.54%	15.93	4.94%	3.08	$49.05	0.32
13	home_and_garden	Amazon	8.93	1.03	0.73%	16.1	5.26%	3.21	$51.62	0.31
13	home_and_garden	Axon	73.21	1.77	3.95%	95.07	2.52%	2.05	$189.7	0.49
13	home_and_garden	Meta	13.73	0.57	2.48%	41.12	1.42%	2.31	$87.3	0.43
13	home_and_garden	Google Ads	12.56	0.94	1.54%	43.9	2.17%	2.43	$107.92	0.41
13	home_and_garden	Pinterest Ads	1.43	0.07	1.98%	19.61	0.39%	2.81	$82.24	0.36
13	home_and_garden	Taboola	1.88	0.31	0.61%	6.07	5.07%	0.97	$5.87	1.03
13	home_and_garden	TikTok	1.42	0.31	0.54%	11.25	2%	3.48	$28.3	0.29
13	insurance	Meta	9.04	0.31	2.95%	8.86	3.46%	5.53	$49.04	0.18
13	insurance	Google Ads	7.81	0.69	1.13%	58.57	1.18%	1.67	$97.74	0.6
13	internet_and_ecommerce	Microsoft Ads	272.41	4.79	5.69%	100.52	4.76%	2.18	$219.1	0.46
13	internet_and_ecommerce	Meta	21.37	1.34	2.81%	76.87	1.82%	1.48	$113.68	0.68
13	internet_and_ecommerce	Google Ads	154.87	1.24	3.3%	35.82	4.08%	2.17	$70.31	0.46
13	legal_services	Google Ads	10.49	0.17	6.3%	1.53	10.85%	0.77	$1.19	1.29
13	lifestyle_and_boutique	Amazon	4.2	0.63	0.67%	8.45	7.43%	4.79	$40.48	0.21
13	lifestyle_and_boutique	Meta	12.35	0.54	2.36%	37.6	1.55%	1.97	$63.16	0.51
13	lifestyle_and_boutique	Google Ads	10.4	0.92	1.33%	24.84	3.01%	2.64	$67.87	0.38
13	lifestyle_and_boutique	Pinterest Ads	3.04	0.16	2.18%	19.45	0.52%	1.73	$33.75	0.58
13	lifestyle_and_boutique	Snapchat	16.95	2.18	0.78%	30.26	7.2%	2.27	$68.56	0.44
13	lifestyle_and_boutique	TikTok	2.4	0.58	0.47%	82.3	1.3%	0.61	$50.91	1.64
13	manufacturing	Amazon	3.08	0.34	0.9%	1.31	26.36%	18.61	$24.29	0.05
13	manufacturing	Meta	8.19	0.38	2.13%	23.66	1.77%	5.04	$95.88	0.2
13	manufacturing	Google Ads	13.83	1.02	3.81%	43.24	2.52%	2.63	$73.25	0.38
13	marketing_and_advertising	Meta	8.44	0.73	1.43%	39.38	0.85%	1.66	$90.41	0.6
13	marketing_and_advertising	Google Ads	7.82	0.67	1.12%	120.83	0.56%	1.99	$244.76	1.03
13	media_and_publishing	Meta	14.05	0.58	2.74%	36.07	2.52%	1.42	$46.77	0.71
13	media_and_publishing	Google Ads	25.06	1.29	2.25%	48.32	3.33%	1.75	$75.46	0.57
13	media_and_publishing	TikTok	3.78	0.3	2.3%	53.12	0.6%	3.13	$55.03	1.08
13	medical_devices_and_equipment	Meta	15.15	0.47	3.56%	37.16	1.06%	1.73	$69.17	0.58
13	medical_devices_and_equipment	Google Ads	23.11	1.02	2.05%	33.9	2.58%	3.22	$161.31	0.31
13	nonprofit_and_philanthropy	Meta	8.68	0.23	5.09%	16.53	1.54%	4.48	$24.34	0.73
13	other	Meta	17.91	0.54	2.66%	31.39	1.72%	2.15	$55.25	0.46
13	other	Google Ads	27.15	0.99	2.04%	45.43	1.82%	3.3	$152	0.31
13	other	TikTok	0.86	0.2	0.43%	9.46	2.11%	3.35	$32.79	0.3
13	pets_and_animals	Amazon	14.46	2.05	0.64%	12	16.76%	2.52	$24.58	0.4
13	pets_and_animals	Axon	77.85	1.74	4.29%	56.19	3.11%	0.9	$42.52	1.31
13	pets_and_animals	Meta	14.81	0.59	2.5%	30.59	1.76%	1.8	$54.68	0.56
13	pets_and_animals	Google Ads	15.91	1	1.8%	26.17	3.64%	2.36	$61.18	0.42
13	pets_and_animals	TikTok	3.9	1.18	0.31%	13.92	6.83%	4	$47.65	0.27
13	professional_training_and_coaching	Meta	38.22	0.73	5.78%	18.07	3.52%	0.91	$23	1.1
13	senior_care	Meta	25.52	0.87	3.06%	26.95	3.13%	1.98	$54.63	0.52
13	senior_care	Google Ads	17.2	1.48	1.16%	30.95	4.78%	2.19	$67.79	0.46
13	software_and_saas	Microsoft Ads	4.8	0.66	0.73%	20.39	3.33%	1.71	$34.88	0.59
13	software_and_saas	Meta	10.72	0.51	2.31%	76.72	0.71%	1.75	$131.82	0.58
13	software_and_saas	Google Ads	23.63	0.88	1.93%	42.05	2.11%	2.09	$71.5	0.48
13	sports_and_outdoors	Amazon	7.1	1.23	0.6%	12.39	8.56%	2.87	$40.03	0.35
13	sports_and_outdoors	Meta	11.44	0.61	1.89%	43.31	1.6%	2.07	$96.98	0.48
13	sports_and_outdoors	Google Ads	12.85	1.01	1.45%	34.05	2.52%	2.87	$96.46	0.35
13	sports_and_outdoors	TikTok	5.22	1.21	0.43%	43.57	2.77%	1.53	$57.52	0.72
13	telecommunications	Meta	13.48	1.48	0.91%	47.35	3.13%	4.33	$204.84	0.23
13	telecommunications	Google Ads	36.88	2.06	1.79%	143.86	1.43%	1.38	$198.5	0.72
13	toys_art_and_collectibles	Amazon	6.48	1	0.7%	12.32	7.85%	2.41	$30.68	0.42
13	toys_art_and_collectibles	Axon	43.06	0.56	9%	178.39	0.3%	1.12	$192.98	0.96
13	toys_art_and_collectibles	Microsoft Ads	9.39	0.55	1.54%	20.64	2.7%	4.14	$61.41	0.72
13	toys_art_and_collectibles	Meta	10.34	0.48	2.41%	34.61	1.39%	2.01	$66.21	0.5
13	toys_art_and_collectibles	Google Ads	9.42	0.65	1.54%	27.05	2.07%	2.42	$70.68	0.41
13	toys_art_and_collectibles	Pinterest Ads	1.13	0.15	0.75%	41.41	0.36%	1.53	$63.15	0.66
13	toys_art_and_collectibles	Snapchat	3.32	0.33	1.01%	56.38	0.58%	1.2	$67.67	0.83
13	toys_art_and_collectibles	TikTok	0.66	0.19	0.34%	55.79	0.35%	0.8	$44.45	1.26
13	travel_accessories_and_luggage	Amazon	5.18	1.06	0.49%	12.49	8.5%	2.95	$36.82	0.34
13	travel_accessories_and_luggage	Meta	14.81	0.51	2.76%	38.52	1.19%	3.41	$128.85	0.29
13	travel_accessories_and_luggage	Google Ads	11.51	0.69	1.45%	49.04	1.53%	2.98	$161.58	0.34
13	travel_accessories_and_luggage	TikTok	5.03	0.37	1.37%	107.73	0.34%	4.94	$531.81	0.2
14	agriculture_and_food_production	Meta	14.19	0.3	5.54%	13.88	2.19%	11.74	$124.99	0.11
14	agriculture_and_food_production	Google Ads	12.84	0.89	1.45%	69.97	1.27%	0.66	$45.98	1.52
14	apparel_and_accessories	Amazon	3.28	0.74	0.45%	8.29	8.48%	3.34	$28.63	0.3
14	apparel_and_accessories	Meta	11.06	0.48	2.46%	35.94	1.27%	2.25	$79.81	0.44
14	apparel_and_accessories	Google Ads	10.71	0.74	1.53%	36.01	1.93%	2.26	$79.64	0.44
14	apparel_and_accessories	Outbrain	0.29	0.14	0.2%	58.73	0.24%	1.17	$68.79	0.85
14	apparel_and_accessories	Pinterest Ads	2.05	0.11	1.97%	31.79	0.38%	2.11	$62.47	0.47
14	apparel_and_accessories	Snapchat	5.9	0.68	0.53%	78.57	0.71%	2.73	$185.3	0.37
14	apparel_and_accessories	Taboola	1.55	0.33	0.46%	2.74	12.23%	2.64	$7.24	0.38
14	apparel_and_accessories	TikTok	2.1	0.29	0.73%	29.24	1.03%	2.71	$58.8	0.37
14	arts_and_culture	Meta	6.33	0.3	2.02%	25.72	1.44%	3.85	$58.34	0.26
14	arts_and_culture	Google Ads	13.82	1.14	1.12%	64.51	1.44%	1.55	$111.26	0.65
14	automotive	Amazon	5.79	0.87	0.86%	8.65	10.53%	3.24	$26.54	0.31
14	automotive	Meta	7.98	0.45	2.09%	39.81	1.03%	1.85	$75.04	0.54
14	automotive	Google Ads	11.14	0.66	1.98%	42.56	1.44%	2.78	$112.27	0.36
14	automotive	TikTok	3.57	0.68	0.53%	4.76	14.2%	1.21	$5.75	0.83
14	baby	Amazon	6.47	0.68	0.66%	16.32	3.51%	3.19	$54	0.32
14	baby	Meta	9.38	0.52	1.89%	30.48	1.75%	2.32	$68.66	0.43
14	baby	Google Ads	14.66	0.94	1.57%	30.04	2.19%	2.46	$87.57	0.41
14	baby	Snapchat	6.92	0.65	1.07%	18.88	3.42%	4.6	$86.94	0.22
14	baby	TikTok	7.98	0.74	1.09%	125.1	0.59%	0.63	$78.49	1.59
14	books_and_music	Amazon	7.21	0.74	1.01%	29.3	5.37%	2.11	$43.07	0.61
14	books_and_music	Axon	38	1.53	2.49%	103.98	1.47%	1.26	$130.61	0.8
14	books_and_music	Meta	11.6	0.4	2.88%	27.27	1.54%	1.66	$52.1	0.6
14	books_and_music	Google Ads	20.02	1.04	2.08%	48.62	2.26%	1.33	$79.4	0.75
14	books_and_music	TikTok	3.19	0.7	0.53%	47.33	1.71%	0.87	$39.04	1.25
14	business_supplies_and_equipment	Amazon	7.79	1.13	0.81%	17.86	6.36%	3.21	$42.41	0.32
14	business_supplies_and_equipment	Axon	39.03	1	3.9%	44.48	2.25%	1.52	$67.51	0.66
14	business_supplies_and_equipment	Meta	14.02	0.59	2.22%	43.33	1.53%	1.83	$85.87	0.55
14	business_supplies_and_equipment	Google Ads	10.68	0.81	1.87%	29.72	2.12%	2.08	$52.57	0.48
14	construction_and_engineering	Amazon	11.03	1.75	0.63%	83.46	2.1%	2.77	$231.43	0.36
14	construction_and_engineering	Meta	16.25	0.38	3.04%	82.38	1.08%	3.44	$196.14	0.29
14	construction_and_engineering	Google Ads	21.24	1.23	1.82%	60.05	1.33%	2.61	$103.64	0.44
14	consulting_and_professional_services	Meta	23.37	1.13	2.75%	27.12	0.78%	1.44	$110.68	0.69
14	consulting_and_professional_services	TikTok	5.69	0.96	0.59%	27.46	3.51%	1.31	$35.98	0.76
14	consumer_electronics	Amazon	6.23	1.42	0.47%	57.42	2.32%	2.23	$122.25	0.45
14	consumer_electronics	Axon	157.86	5	3.16%	110.03	4.55%	1.29	$142	0.77
14	consumer_electronics	Meta	14.37	0.49	2.51%	37.92	1.34%	2.27	$91.74	0.44
14	consumer_electronics	Google Ads	10.08	0.78	1.38%	44.39	1.53%	1.89	$102.08	0.53
14	consumer_electronics	Taboola	0.75	0.29	0.26%	15.31	1.91%	1.09	$16.7	0.92
14	consumer_electronics	TikTok	0.23	0	5.12%	1.56	0.29%	3.83	$5.98	0.26
14	dating_and_personal_services	Meta	7.23	0.52	1.39%	32.99	0.69%	1.11	$58.49	0.9
14	dating_and_personal_services	Google Ads	9.86	0.87	1.13%	151.81	0.58%	0.28	$42.99	3.53
14	elearning_and_online_courses	Meta	10.96	0.36	2.58%	57.53	0.8%	1.32	$58.8	0.76
14	elearning_and_online_courses	Google Ads	37.95	1.19	2.3%	46.64	1.4%	1.77	$71.08	0.58
14	emerging_technology	Meta	15.55	0.81	1.91%	85.06	0.98%	0.56	$47.22	1.8
14	emerging_technology	Google Ads	1.87	0.13	1.49%	18.35	0.68%	3.66	$67.16	0.27
14	emerging_technology	TikTok	3	0.32	0.93%	43.79	0.74%	2.96	$129.6	0.34
14	energy_and_utilities	Google Ads	22.3	1.82	1.23%	156.35	1.16%	0.33	$51.5	3.04
14	entertainment	Meta	12	0.7	1.81%	52.56	1.43%	2.08	$80.04	0.51
14	entertainment	Google Ads	252.33	1.33	18.93%	11.97	11.13%	4.23	$50.66	0.24
14	events_and_venues	Meta	13.76	0.52	2.61%	53.13	1.18%	3.04	$178.4	0.36
14	food_and_beverage	Amazon	12.41	2.05	0.65%	14.15	13.9%	1.99	$29.79	0.5
14	food_and_beverage	Axon	31.71	0.48	3.61%	47.23	1.05%	1.76	$55.78	0.57
14	food_and_beverage	Meta	14.1	0.64	2.25%	32.72	1.83%	1.73	$59.64	0.58
14	food_and_beverage	Google Ads	14.18	0.93	1.52%	30.12	3.08%	1.99	$59.06	0.5
14	food_and_beverage	Pinterest Ads	5.23	0.14	3.74%	60.02	0.23%	2.26	$135.81	0.44
14	food_and_beverage	Reddit	10.22	1.34	0.77%	76.11	1.75%	2.22	$169.25	0.45
14	food_and_beverage	Snapchat	5.79	2.98	0.26%	17.89	16.67%	2.41	$68.24	0.41
14	food_and_beverage	Taboola	4.34	0.13	3.3%	41.37	0.32%	3.37	$139.63	0.3
14	food_and_beverage	TikTok	2.65	0.39	0.75%	22.9	1.16%	1.94	$135.1	0.52
14	gaming_and_apps	Meta	11.97	0.3	2.87%	31.64	0.86%	2	$65.8	0.5
14	gaming_and_apps	Google Ads	173.86	1.71	10.18%	112.71	1.52%	1.1	$124.07	0.91
14	health_and_beauty	Amazon	10.6	1.75	0.58%	13.25	12.37%	2.25	$29.96	0.44
14	health_and_beauty	Axon	37.54	0.93	4.02%	91.12	1.25%	1.09	$69.91	0.92
14	health_and_beauty	Microsoft Ads	12.93	1.51	0.83%	90.35	1.95%	4.02	$284.84	0.46
14	health_and_beauty	Meta	16.57	0.63	2.6%	35.17	1.78%	1.76	$60.3	0.57
14	health_and_beauty	Google Ads	18.02	1.09	1.61%	33.87	3.23%	2.12	$68.86	0.47
14	health_and_beauty	Pinterest Ads	1.78	0.06	3.09%	20.36	0.23%	1.5	$32.08	0.67
14	health_and_beauty	Snapchat	4.39	0.39	1.21%	18.45	2.89%	4.04	$70.68	0.25
14	health_and_beauty	Taboola	2.47	0.46	0.57%	131.37	0.38%	0.8	$94.33	1.25
14	health_and_beauty	TikTok	2.65	0.41	0.6%	23.14	2.24%	2.7	$49.94	0.37
14	health_and_wellness	Amazon	13.71	2.56	0.76%	24.15	11.88%	1.9	$33.31	0.53
14	health_and_wellness	Criteo	3.51	0.46	0.76%	59.79	0.78%	1.7	$101.92	0.59
14	health_and_wellness	Meta	18.18	0.6	3.15%	37.37	1.58%	1.73	$60.81	0.58
14	health_and_wellness	Google Ads	18.37	1.12	1.62%	39.19	2.78%	2	$73.85	0.5
14	health_and_wellness	Mountain	47.43	0	0%	638.13	0%	0.27	$174.87	3.65
14	health_and_wellness	Reddit	8	1.88	0.42%	143.46	1.31%	3.36	$481.35	0.3
14	health_and_wellness	Snapchat	6.42	0.44	1.47%	76.86	0.57%	0.77	$59	1.3
14	health_and_wellness	TikTok	3.44	0.38	1.53%	26.59	1.8%	2.76	$75.71	0.37
14	health_and_wellness	Vibe	24.03	0	0%	114.12	0%	4.18	$477.05	0.24
14	healthcare_providers	Meta	4.41	0.25	1.76%	10.91	4.08%	7.59	$32.72	0.85
14	healthcare_providers	Google Ads	15.4	0.6	1.96%	20.47	2.98%	2.41	$48.84	0.41
14	healthcare_providers	TikTok	3.41	0.72	0.47%	13.47	5.33%	3.5	$47.16	0.29
14	home_and_garden	Amazon	7.7	1.01	0.75%	26.72	4.21%	2.86	$60.34	0.35
14	home_and_garden	Axon	75.71	1.97	3.65%	65.78	2.98%	1.71	$177.53	0.82
14	home_and_garden	Meta	13.32	0.54	2.56%	43.14	1.28%	2.27	$90.83	0.44
14	home_and_garden	Google Ads	12.77	0.84	1.66%	41.04	1.89%	2.73	$113.61	0.37
14	home_and_garden	Pinterest Ads	1.42	0.07	1.92%	26.86	0.32%	2.86	$76.32	0.35
14	home_and_garden	Taboola	1.74	0.3	0.58%	9.12	3.31%	1.39	$12.71	0.72
14	home_and_garden	TikTok	2.6	0.3	0.8%	40.26	1.64%	2.24	$44.16	0.47
14	insurance	Meta	7.05	0.27	2.63%	14.5	1.85%	3.99	$57.81	0.25
14	insurance	Google Ads	9.92	0.81	1.22%	69.57	1.17%	2.73	$189.74	0.37
14	internet_and_ecommerce	Microsoft Ads	249.15	4.17	5.98%	54.19	7.69%	6.47	$350.52	0.15
14	internet_and_ecommerce	Meta	19.98	1.18	2.81%	81.34	1.54%	1.94	$114.46	0.53
14	internet_and_ecommerce	Google Ads	117.03	1.34	7.8%	26.42	5.42%	1.88	$51.03	0.54
14	legal_services	Google Ads	5.85	0.11	5.39%	0.13	86.77%	9.49	$1.19	0.11
14	lifestyle_and_boutique	Amazon	4.27	0.6	0.72%	10.83	5.51%	3.61	$39.04	0.28
14	lifestyle_and_boutique	Meta	12.17	0.5	2.41%	38.1	1.44%	1.85	$63.62	0.54
14	lifestyle_and_boutique	Google Ads	10.86	0.76	1.44%	27.59	2.52%	2.15	$69.41	0.47
14	lifestyle_and_boutique	Pinterest Ads	2.79	0.15	1.91%	16.48	0.57%	2.3	$34.13	0.43
14	lifestyle_and_boutique	Snapchat	17.37	2.29	0.76%	24.33	9.4%	2.33	$56.57	0.43
14	lifestyle_and_boutique	TikTok	2.08	0.46	0.53%	69.51	2.48%	1.2	$61.52	0.94
14	manufacturing	Amazon	3.43	0.39	0.87%	1.74	22.6%	14.71	$25.64	0.07
14	manufacturing	Meta	7.24	0.4	2.3%	95.82	0.58%	4.17	$284.12	0.24
14	manufacturing	Google Ads	18.44	0.92	2.09%	33.77	2.79%	3.46	$86.21	0.3
14	marketing_and_advertising	Meta	8.46	0.76	1.21%	115.67	0.78%	1.02	$118.39	0.98
14	marketing_and_advertising	Google Ads	10.31	0.73	1.38%	64.22	1.28%	6.82	$292.17	0.63
14	media_and_publishing	Meta	14.94	0.57	2.63%	36.82	1.9%	1.11	$48.81	0.9
14	media_and_publishing	Google Ads	25.54	1.38	3.76%	26.02	4.67%	1.41	$48.68	0.71
14	media_and_publishing	TikTok	2.72	0.05	5.9%	13.5	0.34%	3.9	$52.62	0.26
14	medical_devices_and_equipment	Meta	13.9	0.44	2.6%	30.81	1.24%	1.83	$60.02	0.55
14	medical_devices_and_equipment	Google Ads	19.68	1.25	1.55%	33.27	2.64%	3.18	$101.3	0.31
14	nonprofit_and_philanthropy	Meta	7.33	0.21	4.64%	28.41	1.23%	6.72	$46.26	0.57
14	other	Meta	15.94	0.53	2.67%	32.02	1.6%	2.06	$57.17	0.49
14	other	Google Ads	30.23	0.84	2.42%	23.1	2.85%	2.27	$71.92	0.44
14	other	TikTok	1.25	0.25	0.51%	10.42	2.37%	2.67	$27.87	0.37
14	pets_and_animals	Amazon	10.37	1.8	0.65%	11.56	17.26%	2.5	$24.85	0.4
14	pets_and_animals	Axon	81.63	1.79	4.2%	43.81	3.87%	0.94	$39.55	1.13
14	pets_and_animals	Meta	14.34	0.58	2.44%	32.54	1.61%	1.83	$58.58	0.55
14	pets_and_animals	Google Ads	15.87	0.87	1.92%	26.91	3.47%	2.71	$60.07	0.37
14	pets_and_animals	Snapchat	19.33	0.98	1.39%	37.38	2.52%	3.64	$76.43	0.48
14	pets_and_animals	TikTok	0.64	0.21	0.3%	8.43	2.54%	4.68	$39.41	0.21
14	pharmaceuticals_and_biotech	Meta	4.75	0.29	1.65%	15.12	1.9%	4.2	$63.55	0.24
14	pharmaceuticals_and_biotech	Google Ads	8.71	0.73	1.2%	14.03	5.19%	5.09	$71.36	0.2
14	professional_training_and_coaching	Meta	42.81	0.72	5.95%	16.58	4.06%	1.31	$18.93	0.76
14	senior_care	Meta	24.69	0.87	2.95%	41.04	2.15%	1.45	$57.33	0.7
14	senior_care	Google Ads	17.24	1.45	1.19%	22.68	6.39%	2.2	$49.82	0.46
14	software_and_saas	Microsoft Ads	5.46	0.76	0.73%	24.77	3.12%	1.26	$30.33	0.83
14	software_and_saas	Meta	10.83	0.48	2.03%	50.18	1.72%	1.72	$86.55	0.63
14	software_and_saas	Google Ads	20.6	0.72	2.05%	19.84	3.54%	2.71	$70.5	0.37
14	sports_and_outdoors	Amazon	6.46	1.17	0.59%	14.61	7.36%	2.52	$39.2	0.4
14	sports_and_outdoors	Meta	11.15	0.61	2.02%	42.77	1.52%	2.2	$87.46	0.46
14	sports_and_outdoors	Google Ads	12.16	0.8	1.61%	34.38	2%	2.56	$99.51	0.39
14	sports_and_outdoors	TikTok	2.94	0.54	0.55%	38.05	1.22%	1.32	$50.41	0.75
14	technology_services	Meta	0.79	0.06	1.42%	1.76	3.18%	0.92	$1.63	1.08
14	toys_art_and_collectibles	Amazon	6.88	0.99	0.82%	12.14	7.36%	2.51	$31.19	0.41
14	toys_art_and_collectibles	Axon	59.34	0.97	6.13%	63.44	1.53%	1.15	$72.98	0.87
14	toys_art_and_collectibles	Microsoft Ads	8.66	0.54	1.46%	22.76	2.51%	1.75	$37.44	0.58
14	toys_art_and_collectibles	Meta	10.28	0.47	2.36%	36.88	1.27%	1.95	$69.37	0.51
14	toys_art_and_collectibles	Google Ads	9.16	0.65	1.51%	36.24	1.92%	2.12	$68.33	0.47
14	toys_art_and_collectibles	Pinterest Ads	0.99	0.14	0.72%	37.62	0.36%	1.89	$71.02	0.53
14	toys_art_and_collectibles	TikTok	2.62	0.27	0.83%	36.68	0.72%	0.85	$28.53	1.43
14	travel_accessories_and_luggage	Amazon	4.91	1.04	0.47%	16.47	6.34%	2.54	$41.9	0.39
14	travel_accessories_and_luggage	Meta	13.99	0.51	2.74%	36.91	1.28%	2.77	$126.97	0.36
14	travel_accessories_and_luggage	Google Ads	11.95	0.64	1.3%	46.5	1.56%	2.92	$162.24	0.34
14	travel_accessories_and_luggage	TikTok	3.86	0.4	0.95%	41.83	0.97%	6.88	$287.58	0.15
15	agriculture_and_food_production	Meta	14.12	0.3	5.71%	15.94	1.78%	4.41	$76.55	0.56
15	apparel_and_accessories	Adroll	5.2	1.91	0.27%	105.08	1.82%	3.24	$340.91	0.31
15	apparel_and_accessories	Amazon	3.06	0.72	0.41%	6.6	13.28%	3	$27.58	0.33
15	apparel_and_accessories	Meta	10.92	0.48	2.47%	36.45	1.27%	2.14	$76.91	0.47
15	apparel_and_accessories	Google Ads	10.76	0.76	1.51%	37.92	2.01%	2.14	$76.16	0.47
15	apparel_and_accessories	Outbrain	0.45	0.21	0.21%	87.35	0.24%	0.89	$78.05	1.12
15	apparel_and_accessories	Pinterest Ads	2.12	0.11	1.94%	34.32	0.37%	2.09	$65.47	0.48
15	apparel_and_accessories	Snapchat	4.72	0.67	0.79%	72.64	0.91%	2	$156.43	0.5
15	apparel_and_accessories	Taboola	1.1	0.44	0.25%	3.41	12.96%	1.82	$6.22	0.55
15	apparel_and_accessories	TikTok	2.04	0.26	0.69%	23.52	1.04%	2.92	$59.86	0.34
15	arts_and_culture	Meta	9.49	0.33	2.08%	26.57	1.26%	2.65	$42.77	0.38
15	arts_and_culture	Google Ads	12.47	0.99	1.06%	125.97	0.92%	2.1	$187	0.48
15	automotive	Amazon	4.71	0.88	0.66%	10.53	4.42%	2.81	$67.23	0.36
15	automotive	Meta	8.71	0.44	2.1%	39.05	1.24%	2.13	$89.69	0.47
15	automotive	Google Ads	13.4	0.72	1.83%	79.06	1.13%	2.99	$154.27	0.33
15	automotive	TikTok	3.48	0.79	0.44%	10.87	7.3%	0.76	$8.21	1.32
15	baby	Amazon	4.93	0.61	0.77%	15.62	3.1%	2.84	$52	0.35
15	baby	Meta	9.38	0.52	1.9%	30.8	1.72%	2.51	$65.89	0.4
15	baby	Google Ads	13.27	0.85	1.52%	35.68	2.01%	2.05	$79.18	0.49
15	baby	Snapchat	6.75	0.62	1.1%	20.82	2.96%	4.59	$95.61	0.22
15	baby	TikTok	12.83	0.79	1.63%	125.04	0.63%	1.19	$149	0.84
15	books_and_music	Amazon	3.99	0.93	0.77%	38.24	2.42%	0.91	$54	1.09
15	books_and_music	Meta	11.22	0.42	2.63%	29.37	1.47%	1.73	$48.92	0.58
15	books_and_music	Google Ads	19.62	1.06	1.84%	36.35	2.48%	2.45	$58.71	0.41
15	books_and_music	TikTok	1.72	0.46	0.45%	62.85	0.75%	0.63	$39.18	1.65
15	business_supplies_and_equipment	Amazon	4.47	0.56	0.79%	15.11	5.96%	1.92	$30.44	0.52
15	business_supplies_and_equipment	Axon	49.77	1.3	3.84%	76.34	1.7%	1.28	$98.03	0.78
15	business_supplies_and_equipment	Meta	12.97	0.71	1.65%	39.69	1.21%	1.81	$76.08	0.55
15	business_supplies_and_equipment	Google Ads	31.78	1.72	2.08%	48.21	3.17%	1.83	$142.11	0.55
15	construction_and_engineering	Amazon	10.07	1.69	0.59%	52.71	3.21%	4.36	$229.89	0.23
15	construction_and_engineering	Meta	12.26	0.63	2.23%	25.99	2.33%	8.59	$233.63	0.12
15	construction_and_engineering	Google Ads	27.18	1.31	1.66%	57.12	2.4%	4.54	$194.18	0.26
15	consulting_and_professional_services	Meta	20.31	1.14	2.51%	65.2	0.96%	1.39	$78.8	0.72
15	consulting_and_professional_services	TikTok	5.84	0.88	0.66%	32.83	2.69%	0.87	$28.46	1.15
15	consumer_electronics	Amazon	6.12	1.23	0.43%	34.53	2.91%	3.11	$133.99	0.32
15	consumer_electronics	Meta	13.65	0.53	2.46%	42.97	1.21%	2.13	$87.8	0.47
15	consumer_electronics	Google Ads	10.99	0.85	1.44%	43.88	1.7%	2.06	$91.5	0.48
15	consumer_electronics	Taboola	1.31	0.42	0.31%	13.71	3.1%	1.79	$24.57	0.56
15	consumer_electronics	TikTok	0.22	0	4.52%	1.32	0.36%	4.44	$5.88	0.23
15	dating_and_personal_services	Meta	16.24	0.7	2.63%	47.53	1.79%	1.42	$58.08	0.84
15	dating_and_personal_services	Google Ads	7.71	0.64	1.21%	149.61	0.43%	0.35	$51.96	2.88
15	elearning_and_online_courses	Meta	10.94	0.42	2.35%	41.12	1.26%	1.56	$64.43	0.64
15	elearning_and_online_courses	Google Ads	69.57	1.11	4.32%	49.4	3.18%	1.48	$57.99	0.73
15	emerging_technology	Meta	14.85	0.8	1.85%	46.73	1.84%	1.62	$59.69	1.06
15	emerging_technology	Google Ads	2.05	0.15	1.34%	16.82	0.91%	5.1	$85.69	0.2
15	emerging_technology	TikTok	3.54	0.29	1.24%	40.05	0.71%	2.44	$97.82	0.41
15	energy_and_utilities	Meta	8.63	1.05	0.82%	84.31	1.25%	1	$83.9	1
15	energy_and_utilities	Google Ads	20.1	1.51	1.33%	154.05	0.98%	0.69	$106.93	1.44
15	entertainment	Meta	12.74	0.93	1.9%	37.39	2.2%	1.26	$54.15	0.82
15	entertainment	Google Ads	277.43	1.82	14.81%	68.95	2.76%	0.88	$62.66	1.14
15	events_and_venues	Meta	13.71	0.47	2.88%	54.11	0.87%	3.06	$158.06	0.5
15	food_and_beverage	Amazon	12.06	2.21	0.59%	15.22	10.95%	2.08	$29.53	0.48
15	food_and_beverage	Axon	24.6	0.35	4.58%	49.77	0.82%	2.8	$47.11	0.5
15	food_and_beverage	Meta	13.91	0.63	2.18%	31.65	1.95%	1.91	$59.68	0.52
15	food_and_beverage	Google Ads	15.85	1.03	1.54%	30.88	3.58%	2.16	$58.3	0.46
15	food_and_beverage	Pinterest Ads	5.53	0.14	3.99%	31.36	0.44%	5.28	$165.47	0.19
15	food_and_beverage	Snapchat	12.29	2.71	0.45%	10.88	25%	3.76	$41.55	0.3
15	food_and_beverage	Taboola	3.94	0.14	2.85%	51.68	0.27%	2.7	$139.42	0.37
15	food_and_beverage	TikTok	2.85	0.22	1.06%	45.73	0.64%	1.95	$88.45	0.52
15	gaming_and_apps	Meta	12.32	0.31	3.23%	37.83	0.63%	2.33	$79.16	0.43
15	gaming_and_apps	Google Ads	119.72	1.44	8.32%	58.46	2.46%	1.97	$115.07	0.51
15	health_and_beauty	Amazon	9.36	1.73	0.52%	13.35	11.58%	2.09	$29.33	0.48
15	health_and_beauty	Axon	36.49	0.75	3.88%	52.15	1.49%	1.13	$50	0.88
15	health_and_beauty	Microsoft Ads	14.18	2	0.71%	176.87	1.19%	1.39	$197.45	1.28
15	health_and_beauty	Meta	16.69	0.63	2.61%	35.82	1.8%	1.7	$59.14	0.59
15	health_and_beauty	Google Ads	17.24	1.04	1.65%	32.71	3.17%	2.14	$65.35	0.47
15	health_and_beauty	Pinterest Ads	1.73	0.06	3.16%	16.08	0.33%	1.9	$34.76	0.53
15	health_and_beauty	Reddit	8.27	1.42	0.58%	100.7	1.41%	1.1	$111.25	0.91
15	health_and_beauty	Snapchat	4.74	0.41	1.08%	26.52	1.86%	2.47	$70.55	0.41
15	health_and_beauty	Taboola	1.72	0.36	0.54%	97.46	0.45%	0.93	$90.27	1.07
15	health_and_beauty	TikTok	2.82	0.4	0.61%	17.96	2.12%	2.19	$46.72	0.46
15	health_and_beauty	Vibe	15.78	0	0%	30.09	0%	4.72	$141.98	0.21
15	health_and_wellness	Amazon	13.77	2.42	0.63%	27.16	10.2%	1.47	$33.68	0.68
15	health_and_wellness	Axon	17.36	0.54	3.24%	59.52	0.9%	0.96	$57.41	1.04
15	health_and_wellness	Microsoft Ads	251.75	1.92	13.14%	122.6	1.56%	1.14	$139.9	0.88
15	health_and_wellness	Criteo	3.99	0.54	0.73%	38.31	1.42%	1.07	$40.98	0.93
15	health_and_wellness	Meta	18.41	0.63	3.19%	37.77	1.68%	1.67	$60.64	0.6
15	health_and_wellness	Google Ads	16.81	1.13	1.53%	40.77	2.36%	1.83	$73.67	0.55
15	health_and_wellness	Mountain	47.02	0	0%	630.25	0%	0.17	$104.92	6.01
15	health_and_wellness	Reddit	7.38	1.68	0.44%	250.36	0.67%	1.91	$479	0.52
15	health_and_wellness	TikTok	2.39	0.28	1.01%	14.4	2.63%	3.31	$47.58	0.31
15	health_and_wellness	Vibe	24.85	0	0%	83.45	0%	5.87	$490.07	0.17
15	healthcare_providers	Meta	4.16	0.23	1.79%	12.86	2.73%	6.51	$38.97	1
15	healthcare_providers	Google Ads	8.23	0.38	1.61%	21.45	1.83%	2.27	$47.66	0.44
15	healthcare_providers	TikTok	2.9	0.74	0.39%	22	3.38%	2.07	$45.46	0.48
15	home_and_garden	Amazon	6.72	1.01	0.69%	16.73	4.52%	2.63	$55.87	0.38
15	home_and_garden	Axon	88.81	2.11	4.14%	102.12	2.08%	1.65	$135.4	1.62
15	home_and_garden	Meta	13.11	0.53	2.43%	44.34	1.4%	2.11	$87.85	0.47
15	home_and_garden	Google Ads	12.53	0.92	1.56%	42.66	2.01%	2.75	$110.34	0.36
15	home_and_garden	Pinterest Ads	1.55	0.08	1.36%	30.86	0.26%	2.44	$75.18	0.41
15	home_and_garden	TikTok	3.32	0.28	0.87%	76	0.61%	2.24	$51.55	0.45
15	insurance	Meta	7.58	0.3	2.52%	18.24	1.65%	3.13	$57.08	0.32
15	insurance	Google Ads	8.31	0.75	1.11%	57.3	1.31%	2.17	$124.5	0.46
15	internet_and_ecommerce	Microsoft Ads	186.4	4.58	4.07%	89.28	5.13%	16.6	$1,481.85	0.06
15	internet_and_ecommerce	Meta	17.22	1.17	2.07%	53.19	1.76%	1.56	$82.09	0.65
15	internet_and_ecommerce	Google Ads	137.67	1.4	3.98%	31.6	4.44%	2.34	$73.88	0.43
15	legal_services	Google Ads	2.87	0.08	3.56%	0.1	83.34%	12.26	$1.18	0.08
15	lifestyle_and_boutique	Amazon	4.07	0.6	0.68%	14.21	4.2%	2.52	$35.85	0.4
15	lifestyle_and_boutique	Meta	12.41	0.54	2.38%	41.03	1.3%	2.02	$66.5	0.49
15	lifestyle_and_boutique	Google Ads	11.99	0.91	1.47%	37.09	2.19%	2.11	$79.27	0.47
15	lifestyle_and_boutique	Pinterest Ads	2.45	0.13	2.16%	19.79	0.48%	1.71	$32.13	0.63
15	lifestyle_and_boutique	Snapchat	19.83	2.16	0.92%	22.27	9.68%	2.41	$53.71	0.41
15	lifestyle_and_boutique	TikTok	2.35	0.53	0.54%	48.25	1.81%	1.09	$54.82	0.93
15	manufacturing	Amazon	3.82	0.52	0.73%	3.6	14.47%	6.91	$24.9	0.14
15	manufacturing	Meta	7.53	0.43	1.74%	27.49	1.57%	5.2	$143.08	0.19
15	manufacturing	Google Ads	15.32	1.2	1.8%	46.97	2.6%	5.74	$124.38	0.18
15	marketing_and_advertising	Meta	7.53	0.8	1.01%	36.43	2.19%	3.61	$118.45	0.28
15	marketing_and_advertising	Google Ads	10.67	0.66	1.62%	88.83	0.74%	1.47	$122.22	2.22
15	media_and_publishing	Meta	14.39	0.61	2.7%	32.66	2.59%	1.32	$35.83	0.75
15	media_and_publishing	Google Ads	21.62	1.38	1.63%	46.28	2.17%	1.84	$59.42	0.55
15	media_and_publishing	TikTok	2.41	0.06	4.36%	10.91	0.51%	5.68	$62	0.18
15	medical_devices_and_equipment	Meta	13.78	0.46	2.58%	31.06	1.62%	2	$71.6	0.5
15	medical_devices_and_equipment	Google Ads	16.18	1.07	2.02%	28.77	3.54%	4.32	$114.83	0.23
15	medical_devices_and_equipment	Reddit	22.08	6.96	0.32%	104.35	6.67%	9.48	$989.1	0.11
15	nonprofit_and_philanthropy	Meta	7.41	0.22	4.29%	14.3	1.41%	2.35	$15.18	1.67
15	other	Meta	16.41	0.53	2.66%	32.36	1.71%	2.33	$60.76	0.43
15	other	Google Ads	34.87	1.07	2.03%	35.29	2.08%	3.9	$140.42	0.26
15	other	TikTok	0.76	0.17	0.45%	7.85	2.19%	4.4	$30.64	0.23
15	pets_and_animals	Amazon	10.81	1.87	0.52%	12.45	15.95%	2.1	$24.5	0.48
15	pets_and_animals	Axon	73.58	1.73	4.13%	40.73	4.76%	0.93	$37.62	1.08
15	pets_and_animals	Meta	14.36	0.58	2.43%	32.06	1.59%	1.86	$56.89	0.54
15	pets_and_animals	Google Ads	17.46	1	1.71%	29.13	3.49%	2.51	$65.75	0.4
15	pets_and_animals	Snapchat	12.06	0.88	1.14%	45.91	1.76%	2.58	$107.13	0.42
15	pets_and_animals	TikTok	0.71	0.25	0.28%	4.81	5.22%	7.51	$36.12	0.13
15	pharmaceuticals_and_biotech	Meta	5.66	0.4	1.43%	19.99	1.98%	2.7	$53.92	0.37
15	pharmaceuticals_and_biotech	Google Ads	6.01	0.62	0.97%	20.92	2.96%	4.11	$86.02	0.24
15	professional_training_and_coaching	Meta	23.05	0.43	2.97%	17.93	3.98%	1.57	$40.22	0.67
15	professional_training_and_coaching	Google Ads	727.36	4.91	14.79%	55.74	9.61%	4.92	$245.53	0.21
15	senior_care	Meta	24.95	0.86	2.99%	32.04	2.72%	1.83	$56.42	0.55
15	senior_care	Google Ads	14.03	1.28	1.09%	22.29	5.75%	2.07	$46.15	0.48
15	software_and_saas	Microsoft Ads	4.14	0.74	0.56%	26.86	2.74%	0.94	$25.26	1.06
15	software_and_saas	Meta	13.2	0.5	2.08%	89.49	0.92%	1.88	$103.38	0.53
15	software_and_saas	Google Ads	19.79	0.7	2.81%	87.59	0.99%	2.59	$110.3	0.39
15	sports_and_outdoors	Amazon	5.44	1.17	0.56%	15.1	6.91%	2.75	$39.43	0.36
15	sports_and_outdoors	Meta	11.21	0.6	2.05%	39.5	1.57%	2.29	$88.73	0.44
15	sports_and_outdoors	Google Ads	12.92	0.9	1.53%	28.81	2.47%	2.41	$88.01	0.42
15	sports_and_outdoors	TikTok	2.71	0.58	0.47%	23.44	2.56%	2.3	$53.34	0.44
15	telecommunications	Meta	17.96	0.86	4.44%	1,735.01	0.35%	0.3	$182.84	7.3
15	telecommunications	Google Ads	69.92	3.16	2.21%	264.6	1.2%	0.15	$40.13	6.59
15	toys_art_and_collectibles	Amazon	7.53	0.96	0.9%	13.47	7.1%	2.32	$30	0.44
15	toys_art_and_collectibles	Microsoft Ads	7.91	0.51	1.41%	26.26	3.8%	4.91	$46.05	0.64
15	toys_art_and_collectibles	Meta	10.63	0.49	2.32%	33.99	1.39%	1.94	$65.12	0.51
15	toys_art_and_collectibles	Google Ads	9.36	0.68	1.45%	27.53	1.9%	2.2	$72.43	0.45
15	toys_art_and_collectibles	Snapchat	3.31	0.36	0.93%	43.34	0.82%	1.07	$46.5	0.93
15	toys_art_and_collectibles	TikTok	3.57	0.41	0.87%	75.58	0.54%	0.68	$51.55	1.47
15	travel_accessories_and_luggage	Amazon	3.43	0.92	0.37%	12.89	7.14%	3.59	$46.24	0.28
15	travel_accessories_and_luggage	Meta	14.52	0.5	2.73%	47.16	1.1%	2.07	$130.63	0.48
15	travel_accessories_and_luggage	Google Ads	10.91	0.65	1.35%	61.12	1.54%	2.54	$169.47	0.39
16	agriculture_and_food_production	Meta	18.5	0.48	3.82%	42.8	1.13%	3.32	$142.19	0.3
16	apparel_and_accessories	Amazon	3.19	0.86	0.35%	5.69	15.59%	2.82	$16.78	0.36
16	apparel_and_accessories	Meta	11.09	0.49	2.46%	37.32	1.25%	2.07	$73.27	0.48
16	apparel_and_accessories	Google Ads	10.53	0.78	1.47%	44.41	1.74%	1.96	$78.56	0.51
16	apparel_and_accessories	Outbrain	0.33	0.23	0.14%	148.15	0.16%	0.62	$91.2	1.62
16	apparel_and_accessories	Snapchat	5.02	0.82	0.94%	61.41	1.04%	4.45	$179.93	0.27
16	apparel_and_accessories	Taboola	0.52	0.32	0.16%	2.28	13.84%	2.44	$5.57	0.41
16	apparel_and_accessories	TikTok	2.05	0.23	0.81%	33.91	0.92%	2.44	$65.63	0.41
16	arts_and_culture	Meta	2.86	0.11	1.87%	12.59	1.39%	3.85	$36.17	0.26
16	arts_and_culture	Google Ads	9.19	0.91	1.01%	211.11	0.43%	1.1	$233.17	0.91
16	automotive	Amazon	3.67	0.74	0.58%	10.12	11.02%	4.25	$47.31	0.25
16	automotive	Meta	9.5	0.55	1.89%	34.41	1.48%	1.72	$71.82	0.58
16	automotive	Google Ads	13.67	0.71	1.91%	44.43	1.72%	2.82	$99.84	0.35
16	automotive	TikTok	3.98	0.88	0.45%	11.3	7.78%	0.63	$7.17	1.58
16	baby	Amazon	3.48	0.6	0.65%	17.93	3.35%	4.22	$82.5	0.24
16	baby	Meta	9.53	0.55	1.74%	28.24	1.89%	2.42	$59.57	0.41
16	baby	Google Ads	13.31	1.03	1.6%	28.09	1.84%	2.16	$78.6	0.46
16	baby	Snapchat	6.68	0.79	0.85%	28.74	2.73%	3.63	$104.29	0.28
16	baby	TikTok	12.29	1.08	1.14%	57.64	1.87%	2.59	$149	0.39
16	books_and_music	Meta	10.11	0.44	2.85%	30.86	1.34%	1.64	$48.72	0.61
16	books_and_music	Google Ads	9.64	0.52	2.35%	38.71	1.97%	2.21	$66.26	0.45
16	books_and_music	TikTok	1.8	0.23	0.8%	30.64	0.74%	1.32	$40.43	0.76
16	business_supplies_and_equipment	Amazon	9.03	2.04	0.44%	25.02	8.15%	2.57	$64.35	0.39
16	business_supplies_and_equipment	Meta	13.11	0.68	1.6%	36.35	1.56%	1.68	$55.65	0.6
16	business_supplies_and_equipment	Google Ads	20.1	1.34	1.7%	59.19	1.14%	1.52	$122.18	0.66
16	construction_and_engineering	Amazon	8.22	1.71	0.48%	143.78	1.19%	1.56	$225	0.64
16	construction_and_engineering	Meta	11.58	0.41	2.81%	22.98	1.79%	7.04	$161.85	0.14
16	construction_and_engineering	Google Ads	9.8	0.7	1.39%	38.7	1.82%	4.22	$163.39	0.24
16	consulting_and_professional_services	Meta	22.05	1.35	1.63%	44.23	3.06%	0.87	$38.59	1.15
16	consulting_and_professional_services	TikTok	6.44	1.01	0.63%	41.91	2.42%	0.54	$22.49	1.86
16	consumer_electronics	Amazon	4.58	1.72	0.32%	59.58	2.32%	2.31	$117.21	0.44
16	consumer_electronics	Meta	14.35	0.53	2.49%	40.33	1.24%	2.12	$87.45	0.47
16	consumer_electronics	Google Ads	12.12	0.91	1.4%	51.8	1.63%	1.75	$112.49	0.57
16	consumer_electronics	Taboola	0.94	0.31	0.31%	10.85	2.84%	1.52	$16.47	0.66
16	consumer_electronics	TikTok	0.22	0.01	4.18%	1.6	0.33%	3.48	$5.56	0.29
16	dating_and_personal_services	Meta	19.49	0.82	2.95%	48.73	1.71%	1.45	$70.18	0.7
16	dating_and_personal_services	Google Ads	8.55	0.6	1.43%	107.67	0.56%	0.54	$58.2	1.85
16	elearning_and_online_courses	Meta	12.21	0.34	2.34%	44.85	0.87%	1.48	$83.99	0.67
16	elearning_and_online_courses	Google Ads	63.31	1.2	4.18%	56.26	2.19%	1.39	$74.95	0.72
16	elearning_and_online_courses	TikTok	1.14	0.22	0.52%	18.83	1.15%	1.43	$26.86	0.7
16	emerging_technology	Meta	15.74	0.95	1.67%	81.2	1.24%	0.88	$76.05	1.36
16	emerging_technology	TikTok	3.25	0.28	1.16%	57.11	0.49%	1.53	$87.61	0.65
16	energy_and_utilities	Meta	8.87	1.01	0.88%	34.1	2.97%	2.37	$80.85	0.42
16	energy_and_utilities	Google Ads	19.03	1.52	1.26%	145.14	1.04%	0.46	$67.01	2.17
16	entertainment	Meta	14.9	0.88	1.78%	48.75	1.94%	1.49	$72.47	0.67
16	events_and_venues	Meta	12.87	0.53	2.5%	52.29	1.06%	1.95	$94.15	0.63
16	food_and_beverage	Amazon	12.65	2.84	0.5%	15.31	13.89%	1.71	$31.96	0.58
16	food_and_beverage	Axon	30.42	0.47	4.91%	39.33	1.14%	2.97	$84.41	0.38
16	food_and_beverage	Meta	14.13	0.61	2.25%	34.2	1.82%	1.8	$60.09	0.56
16	food_and_beverage	Google Ads	13.2	0.98	1.67%	24.03	4.5%	2.6	$60.39	0.38
16	food_and_beverage	Snapchat	8.57	2.2	0.39%	15.73	14%	6.94	$109.15	0.14
16	food_and_beverage	TikTok	2.7	0.18	1.53%	65.81	0.27%	2.47	$162.38	0.41
16	gaming_and_apps	Meta	8.09	0.22	3.48%	28.21	0.77%	2.11	$58.24	0.49
16	health_and_beauty	Amazon	8.01	1.8	0.43%	13.9	14.33%	1.93	$28.25	0.52
16	health_and_beauty	Axon	54.5	1.44	3.97%	113.35	2.01%	0.99	$76.72	1.01
16	health_and_beauty	Meta	17.39	0.64	2.67%	35.51	1.77%	1.63	$58.67	0.61
16	health_and_beauty	Google Ads	18.43	1.01	1.67%	37.48	2.91%	1.77	$71.63	0.57
16	health_and_beauty	Snapchat	5.36	0.43	1.61%	20.49	2.95%	4.54	$60.5	0.22
16	health_and_beauty	TikTok	3.09	0.49	0.61%	23.24	1.76%	2.15	$58.59	0.47
16	health_and_wellness	Amazon	14.48	2.88	0.51%	24.67	10.93%	1.53	$31.22	0.67
16	health_and_wellness	Meta	19.66	0.69	3.3%	42.27	1.53%	1.52	$63.91	0.66
16	health_and_wellness	Google Ads	15.29	0.98	1.49%	39.69	2.69%	1.48	$63.79	0.68
16	health_and_wellness	Reddit	7.29	1.51	0.48%	333.1	0.45%	1.5	$499	0.67
16	health_and_wellness	TikTok	3.67	0.21	1.15%	22.29	2.7%	2.21	$49.24	0.45
16	health_and_wellness	Vibe	23.78	0	0%	336.59	0%	1.41	$474	0.71
16	healthcare_providers	Meta	4.3	0.24	1.75%	15.65	3.12%	6.83	$36.62	1.23
16	healthcare_providers	Google Ads	5.03	0.43	1.21%	21.27	2.59%	2.24	$47.75	0.45
16	healthcare_providers	TikTok	3.25	0.77	0.42%	28.46	2.72%	1.49	$42.5	0.67
16	home_and_garden	Amazon	6.33	0.97	0.59%	36.45	2.41%	2.18	$87.02	0.46
16	home_and_garden	Axon	69.99	1.82	3.86%	102.29	1.87%	4.25	$455.77	1.56
16	home_and_garden	Meta	13.84	0.59	2.41%	44.28	1.46%	1.94	$83.76	0.52
16	home_and_garden	Google Ads	12.4	0.95	1.53%	64.73	1.63%	1.95	$109.57	0.51
16	home_and_garden	TikTok	1.31	0.28	0.63%	12.58	1.64%	2.03	$27.08	0.49
16	insurance	Meta	8.57	0.32	2.65%	15.2	2.13%	4.13	$62.83	0.24
16	internet_and_ecommerce	Meta	12.62	0.88	1.15%	47.13	2.03%	2.55	$112.86	0.42
16	internet_and_ecommerce	Google Ads	95.95	1.22	7.08%	19.95	6.16%	2.32	$49.36	0.52
16	legal_services	Google Ads	2.01	0.06	3.54%	0.07	78.52%	16.36	$1.18	0.06
16	lifestyle_and_boutique	Meta	13.47	0.48	2.9%	42.91	1.24%	1.6	$60.29	0.63
16	lifestyle_and_boutique	Google Ads	10.98	0.92	1.45%	38.2	2.46%	2.12	$69.87	0.47
16	lifestyle_and_boutique	Snapchat	17.92	2.25	0.8%	53.39	4.21%	1.07	$56.9	0.94
16	lifestyle_and_boutique	TikTok	2.54	0.57	0.48%	52.01	2.29%	1.15	$52.22	0.9
16	manufacturing	Amazon	3.44	0.6	0.57%	3.85	15.66%	10.72	$41.32	0.09
16	manufacturing	Meta	8.17	0.44	1.77%	32.76	1.12%	4.17	$154.98	0.24
16	manufacturing	Google Ads	18.14	1.16	2.2%	87.59	1.34%	2.35	$269.55	0.43
16	marketing_and_advertising	Meta	8.75	0.86	1.02%	41.97	2.04%	2.07	$87.04	0.48
16	marketing_and_advertising	Google Ads	9.07	0.69	1.32%	89.91	0.76%	4.19	$376.96	0.24
16	media_and_publishing	Meta	27.38	0.69	3.03%	37.55	2.25%	1.22	$31.94	0.82
16	media_and_publishing	Google Ads	20.27	1.34	1.52%	42.08	3.19%	1.38	$60.2	0.72
16	media_and_publishing	TikTok	2.61	0.06	4.1%	17.89	0.36%	3.49	$62.43	0.29
16	medical_devices_and_equipment	Meta	15.56	0.5	2.18%	39.16	1.2%	1.49	$52.87	0.68
16	medical_devices_and_equipment	Google Ads	14.74	1.11	1.49%	25.89	3.23%	3.44	$93.09	0.29
16	nonprofit_and_philanthropy	Meta	3.73	0.07	5.27%	4.21	1.68%	4.27	$17.99	0.23
16	other	Meta	15.88	0.5	3%	31.34	1.59%	1.68	$51.33	0.59
16	other	Google Ads	28.61	1.12	1.82%	32.8	2.6%	3.08	$124.97	0.38
16	other	TikTok	1.17	0.27	0.43%	14.93	1.81%	1.81	$27.05	0.55
16	pets_and_animals	Amazon	8.59	2.18	0.32%	14.91	19.8%	1.73	$24.66	0.58
16	pets_and_animals	Axon	43.02	1.06	4.05%	40.36	2.63%	1.04	$42	0.96
16	pets_and_animals	Meta	15.11	0.6	2.46%	36.11	1.57%	1.64	$55.6	0.61
16	pets_and_animals	Google Ads	17.03	1.06	1.83%	28.26	3.13%	2.17	$59.14	0.46
16	pets_and_animals	Snapchat	2.61	0.31	0.85%	74.91	0.41%	1.13	$85	0.88
16	pets_and_animals	TikTok	0.78	0.32	0.24%	18.31	1.75%	2.32	$42.47	0.43
16	professional_training_and_coaching	Meta	24.27	0.64	3.19%	24.14	3.18%	0.9	$21.23	1.11
16	professional_training_and_coaching	Google Ads	646.61	5.08	12.73%	106.69	4.76%	1.85	$197	0.54
16	senior_care	Meta	25.49	0.85	3.11%	32.55	2.61%	1.67	$52.52	0.6
16	senior_care	Google Ads	12.12	1.14	1.06%	28.69	3.97%	1.56	$44.78	0.64
16	software_and_saas	Microsoft Ads	14.94	1.01	1.48%	25.26	4%	1.17	$29.53	0.86
16	software_and_saas	Meta	6.01	0.45	1.31%	325.57	0.14%	0.51	$164.44	1.97
16	software_and_saas	Google Ads	15.06	1.03	1.15%	23.82	4.18%	2.5	$55.12	0.55
16	sports_and_outdoors	Amazon	7.35	1.17	0.6%	10.19	10.58%	2.81	$29.72	0.36
16	sports_and_outdoors	Meta	12.01	0.67	1.84%	41.8	1.54%	2.08	$83	0.48
16	sports_and_outdoors	Google Ads	14.5	0.66	1.5%	49.32	1.81%	2.46	$116	0.41
16	sports_and_outdoors	TikTok	2.97	0.6	0.5%	31.27	1.91%	1.28	$40.01	0.78
16	telecommunications	Google Ads	53.1	2.82	1.88%	180.63	1.56%	2.47	$446.14	0.4
16	toys_art_and_collectibles	Amazon	4.95	0.99	0.57%	14.56	6.43%	1.93	$29.42	0.53
16	toys_art_and_collectibles	Microsoft Ads	3.52	0.35	1%	13.35	2.63%	3.4	$45.46	0.29
16	toys_art_and_collectibles	Meta	10.9	0.5	2.48%	35.37	1.22%	1.79	$63.8	0.56
16	toys_art_and_collectibles	Google Ads	10.59	0.65	1.46%	36.88	2.36%	1.76	$68.93	0.57
16	travel_accessories_and_luggage	Meta	14.17	0.52	2.71%	39.95	1.36%	2.24	$113.16	0.45
16	travel_accessories_and_luggage	Google Ads	10.92	0.68	1.37%	59.72	1.12%	2.91	$120.86	0.34